texto_noticia
"Reportan caída de servicios de Movistar, WOM y VTR en diferentes puntos del país.
La Subsecretaría de Telecomunicaciones tomó contacto con las compañías para que informen de la cantidad de afectados, el tiempo de reparación de la falla y medidas de mitigación. Según las denuncias de los usuarios en el sitio web “Down Detector”, las fallas habrían comenzado alrededor de las 19:00 horas.
La Subsecretaría de Telecomunicaciones (Subtel) informó que las empresas Movistar, WOM y VTR presentan caídas de sus servicios en distintas zonas del país.
La entidad tomó contacto con las compañías para que informen de la cantidad de afectados, el tiempo de reparación de la falla y medidas de mitigación.
A través del sitio web “Down Detector” los usuarios empezaron a reportar los problemas en el servicio respectivo, los que habrían comenzado alrededor de las 19:00 horas de este lunes.
Por redes sociales, los clientes reportaron que las fallas técnicas provenían de la regiones Metropolitana, Antofagasta, Coquimbo y Valparaíso.
La Subtel recordó que los consumidores tienen derecho a descuento en su tarifa mensual por toda interrupción de un servicio que exceda 6 horas en un día o 12 horas continuas/discontinuas en un mes.
Además agregaron que, en caso de que la respuesta de la empresa sea insatisfactoria, pueden ingresar un reclamo en el siguiente link."
"Minsal reporta sobre 7.000 casos de Covid y contagios presentan un incremento de un 25% en la última semana.
La Región de O’Higgins registró hoy la positividad diaria más alta del país con un 27,01%, seguido de Coquimbo (20,69%) y Valparaíso (20,20%). Solo dos regiones reportaron una positividad bajo el 10%.
Durante esta jornada el Ministerio de Salud (Minsal) publicó un nuevo reporte acerca de la situación de la pandemia en el país. Al respecto, informan que en las últimas 24 horas se reportaron un total de 7.351 casos nuevos de coronavirus.
Así, nivel nacional se mantienen en aumento, incrementándose en un 25% en la última semana, mientras que en los últimos 14 días la variación es de 18%.
Con esto, el total de casos Covid en el país desde el inicio de la pandemia asciende a 4.810.774, y de estos, 16.312 corresponden a casos activos.
De los hospitalizados por Covid, hoy se registran 121 personas en Unidades de Cuidados Intensivos, de las cuales 71 están en ventilación mecánica. A la fecha hay 291 camas críticas disponibles. En comparación, hace una semana se registraron 111 personas con Covid en UCI, y hace dos, eran 97.
Sobre la positividad, esta ascendió a un 17,66% a nivel nacional, en base a 18.475 exámenes PCR informados. En regiones, O’Higgins, Coquimbo y Valparaíso presentaron los índices de positividad más altos del país, con un 27,01%, 20,69%, y 20,20% respectivamente. Solo dos regiones registran positividad bajo el 10% en la última jornada.
La Región de Ñuble presenta actualmente la tasa de incidencia actual más alta por 100 mil habitantes, seguida por las regiones de Atacama, Aysén y Los Ríos
En cuanto a los decesos, el Departamento de Estadísticas e Información de Salud reportó 2 fallecidos registrados, con lo que el total de muertes por causas asociadas al Covid asciende a 61.870 en total."
"Reportan fallas en servicios de Movistar y Wom.
En el caso de la transnacional española los usuarios de redes sociales han informado no solo la caída de la red de internet, sino que también la imposibilidad de realizar llamadas y problemas con la red 4G.
Durante la tarde de este martes y en medio del sistema frontal que azota a la zona centro sur del país, distintos usuarios han reportado fallas de sus servicios de telecomunicaciones operados por Movistar y Wom.
En el caso de Movistar, a través de redes sociales, los usuarios reportaron no solo la caída de la red de internet, sino que también la imposibilidad de realizar llamadas a través de esa compañía y de la televisión por cable en distintas regiones del país.
Cerca de las 20 horas la compañía aseguró vía Twitter que había recuperado el servicio. “Los servicios fijos y móviles de Movistar Chile ya se encuentran estables, tras la afectación parcial a la red generada por cortes en la red de fibra óptica en la zona centro-sur. Nuestros equipos técnicos están en terreno para identificar las causas de dichos cortes”.
A través del sitio “Downdetector”, los clientes de la española han reportado un peak de incidencias desde las 18.00. Los problemas están concentrados entre las regiones Metropolitana y de Los Lagos.
En tanto, se reportan intermitencias en el servicio de internet de WOM. De acuerdo al mismo sitio de monitoreo, los problemas están siendo reportados entre la Región Metropolitana y La Araucanía."
"Cifra de contagios diarios de Covid supera los 9.700 casos y positividad se mantiene sobre el 15%.
La variación de nuevos casos confirmados a nivel nacional presentó un aumento del 13% y 4% para la comparación de siete y 14 días, respectivamente.
Tal como lo señaló la ministra de Salud María Begoña Yarza durante la jornada de ayer, la cifra de contagios Covid en el país está experimentando un alza, y así lo reflejó el reporte Covid de hoy, registrando un total de 9.773 casos nuevos en las últimas 24 horas. Con esta cifra, la variación de nuevos casos confirmados a nivel nacional presentó un aumento del 13% y 4% para la comparación de siete y 14 días, respectivamente.
En números, hoy se registraron 873 casos más que el miércoles pasado y 2.851 casos más que el miércoles de la semana del 18 de agosto.
De los activos, esta cifra ascendió a 34.586 contagios de este tipo, 3.272 más que hace una semana.
En cuanto a los decesos, el Departamento de Estadísticas e Información de Salud informó de 4 fallecidos registrados, por lo que el total de muertes por causas asociadas al Covid asciende a 59.633 en total.
Por su parte la positividad a nivel nacional hoy se cifró en un 15,31%, manteniéndose por 64 días consecutivos sobre la barrera del 10%. En cuanto a los testeos, en la última jornada se informaron 30.288 exámenes PCR.
A nivel regional, Antofagasta registra la peor positividad diaria a nivel país con un 26,32%, seguido de Coquimbo (25,91%) y O’Higgins (25,00%), mientras que la Región Metropolitana tiene un 12,25% en este índice.
Tal como lo reiteraron ayer las autoridades de Salud durante el Punto Covid, Atacama se mantiene como la región con la tasa de incidencia actual más alta por 100 mil habitantes.
En cuanto a la cifra de hospitalizados por Covid, 167 personas se encuentran en Unidades de Cuidados Intensivos (15 menos que hace una semana, y 16 menos que hace dos), de las cuales 114 están con apoyo de ventilación mecánica. A la fecha, hay 249 camas críticas disponibles."
"Conexiones de fibra óptica se disparan y se convierten en la tecnología fija más usada en el país.
De acuerdo al balance del primer trimestre dado a conocer po la Subtel subieron 68,2% en los últimos doce meses.
El cambio en los hábitos de los chilenos producto de las restricciones a la movilidad generadas por la pandemia han seguido impulsando el crecimiento de las conexiones a internet fija y llevaron a que la fibra óptica se convierta en la tecnología de este tipo más usada en el país..
De acuerdo al balance del primer trimestre dado a conocer este martes por la Subsecretaría de Telecomunicaciones (Subtel) las conexiones de fibra óptica crecieron 68,2% en los últimos doce meses y ya equivalen al 44,8% de las conexiones fijas a internet, superando por primera vez a la tecnología HFC.
Este aumento está vinculado con el crecimiento que experimentaron en igual período las conexiones fijas a internet, las que ya alcanzaron a 3.926.000 con un incremento de 12,5% en un año.
Destacó además el crecimiento de las conexiones fijas en el segmento residencial, el cual ascendió a 14,3% en los últimos 12 meses.
“Las cifras del primer trimestre del 2021, son elocuentes y demuestran la importancia de estar comunicados durante la pandemia. En ese contexto, las conexiones a fibra óptica crecen casi un 70% en un año y eso confirma la preferencia de los usuarios por servicios de mayor velocidad y capacidad que no sólo dinamiza el mercado, llevando a las empresas a renovar su oferta y competir por llegar a más hogares”, dijo el titular de Subtel, Francisco Moreno.
Las estadísticas además muestran que el tráfico de datos por redes fijas alcanzó un nuevo peak en marzo de 2021 de 462,9 GB por conexión, la cifra más alta desde agosto de 2020 (432,6 GB por conexión) y con un incremento anual en el consumo de datos total de 61,5% en el acumulado de los últimos doce meses.
Además, el balance muestra que el 62,62% de los hogares del país cuenta con una conexión a internet fijo, con un aumento de 7,8 puntos porcentuales en el último año.
La ministra de Transportes y Telecomunicaciones, Gloria Hutt, señaló que “hoy los usuarios buscan mayor conectividad y de gran calidad, principalmente tras experimentar mayores restricciones de movilidad producto de la pandemia, donde deben teletrabajar y estudiar de manera remota, necesitando mejores conexiones que permitan realizar distintas labores desde el hogar”.
Por esta razón, añadió “los usuarios prefieren las conexiones a fibra óptica a la hora de contratar un servicio, ya que ofrece mayor capacidad y mejor velocidad para realizar mayor cantidad de tareas sin mermar la calidad del servicio”.
En el caso de la telefonía móvil los accesos a 4G alcanzaron 18,8 millones de conexiones a marzo de 2021, de los cuales 2,2 millones corresponden a nuevos accesos del último año, con un crecimiento de 13,2% en los últimos doce meses.
Además continúa el crecimiento de usuarios de pospago en voz (telefonía) los que ya representan el 61,6% del total de usuarios, mientras que en datos (internet), los usuarios de pospago ya representan el 70,6% a marzo 2021.
Entel posee un 35,1% de participación de mercado 4G, seguido por WOM con 24,9%, Movistar con 22,1%, Claro con 16,1%, VTR con 1,1%, Virgin con 0,6%, Mundo Pacífico con 0,5%, Simple con 0,1% y Telsur con 0.05%.
Respecto del tráfico de datos a marzo se registraba un promedio de 13,4 GB por usuarios, cifra que se ha mantenido relativamente estable en los últimos meses, de lo que se desprende que el principal consumo durante la pandemia está en internet fijo.
Con todo, el tráfico de datos acumulado de los últimos 12 meses registra un aumento de 34,1% en el último año.
Los suscriptores de TV de pago aumentaron 2,8% en los últimos 12 meses alcanzando una penetración para este servicio de 16,8 suscriptores por cada 100 habitantes a marzo 2021 y de 58,5% de los hogares.
VTR mantiene la mayor cuota de mercado con un 32,2% del total de suscriptores, seguido por DirecTV con 22,4% y después por Movistar y Claro con 15,6% y 11,2% respectivamente.
Las líneas fijas han disminuido un 5,3% en los últimos 12 meses, en línea con la caída que experimentan desde 2016. La penetración del servicio llega a 13,1 líneas cada 100 habitantes.
A marzo 2021 el sector alcanza los 56,4 millones de servicios de telecomunicaciones."
