region,nse,sexo,ecivil,educ,pueblos_indigenas,pobreza,yautcor
4,7,2,8,6,0,3,660000
5,1,2,5,1,0,3,NA
16,2,2,8,2,0,3,NA
16,6,1,1,2,0,3,416667
5,6,2,8,0,0,3,NA
13,3,1,NA,1,0,3,NA
8,4,2,1,1,0,3,NA
1,2,2,8,3,0,3,NA
6,6,1,1,4,0,3,1205833
13,6,1,2,11,0,3,NA
7,7,2,6,11,0,3,820000
8,4,1,1,3,0,3,600000
3,1,1,1,5,0,3,1000000
2,2,1,1,1,1,3,140000
8,4,1,8,8,0,3,1032500
14,2,1,5,6,0,3,500000
13,1,2,NA,1,0,3,NA
3,3,2,6,1,0,3,320000
13,2,1,8,7,0,3,NA
13,6,2,NA,1,0,3,NA
13,4,2,2,8,0,3,700000
5,3,2,NA,1,0,3,NA
7,7,1,1,12,0,3,2006667
14,3,2,2,9,1,3,250000
9,6,1,2,5,0,3,1495000
8,2,1,8,11,0,3,1211667
16,1,1,8,6,0,3,NA
14,4,1,NA,1,1,1,NA
13,2,2,2,-88,0,3,1165000
7,7,2,8,3,0,3,NA
1,1,1,NA,1,0,3,NA
1,2,2,1,5,0,3,NA
8,2,1,1,8,0,3,1123667
5,2,1,1,8,0,3,1200000
8,6,1,1,0,0,3,NA
14,1,2,8,4,0,3,50000
8,2,1,8,5,0,3,NA
13,7,1,8,6,0,3,420000
5,3,1,NA,1,0,3,NA
8,2,2,6,8,1,3,200000
3,1,2,2,11,1,3,300000
7,2,1,NA,1,0,2,NA
13,7,2,2,6,0,3,NA
16,2,2,5,2,0,2,NA
14,2,2,2,11,0,3,600000
3,2,1,8,5,0,3,NA
9,2,2,8,8,0,3,555000
5,3,2,NA,1,0,3,NA
1,2,2,NA,1,0,3,NA
5,1,2,2,4,0,3,250000
13,6,2,NA,1,1,3,NA
2,2,2,NA,0,0,3,NA
12,4,2,5,2,0,2,204000
13,4,2,NA,0,0,3,NA
5,4,2,2,2,0,3,NA
14,4,1,8,8,1,3,608333
13,3,1,1,11,0,3,400000
14,1,2,NA,0,0,3,NA
13,6,1,8,11,0,3,758333
7,1,1,8,6,0,3,150000
16,2,2,8,6,0,3,280000
3,2,2,1,5,0,3,2083
15,3,1,NA,0,0,3,NA
14,3,1,1,11,0,3,5000000
5,2,2,1,2,0,3,380000
13,2,1,8,9,0,3,NA
5,3,1,1,6,0,3,440000
13,7,1,8,8,0,3,502500
7,2,2,1,1,0,3,420000
5,2,1,8,3,0,3,500000
16,1,1,7,1,0,3,NA
13,7,2,8,9,0,3,600000
8,2,2,NA,1,0,2,NA
8,4,2,8,7,1,2,50000
5,3,2,2,9,0,3,500000
5,4,1,7,0,0,3,195000
7,4,1,1,1,0,3,150000
3,1,1,NA,0,0,3,NA
13,4,1,8,5,0,3,500000
6,2,1,8,12,0,3,3328667
4,4,1,8,11,0,3,1000000
4,1,2,NA,0,0,1,NA
10,3,2,8,9,0,3,NA
2,2,1,1,3,0,3,454167
14,2,2,2,12,0,3,2100000
13,6,1,2,11,0,3,1116667
13,2,1,1,8,0,3,870833
4,1,1,2,5,0,3,450000
8,6,1,NA,2,0,3,NA
2,2,2,8,3,1,3,NA
15,1,1,NA,0,0,2,NA
9,4,1,8,5,1,2,NA
5,6,1,8,5,0,3,500000
9,2,1,8,5,1,3,NA
7,4,1,8,4,0,3,NA
13,2,1,1,0,0,3,260000
13,2,2,8,3,0,3,400000
9,4,1,1,6,0,3,1205833
4,1,2,1,5,1,3,NA
4,4,2,8,6,0,3,483333
4,1,2,1,1,0,3,NA
14,2,1,8,2,0,3,NA
13,3,1,NA,0,0,3,NA
15,2,1,NA,1,0,3,NA
7,1,2,7,1,0,3,NA
8,7,1,NA,1,0,3,NA
6,7,2,7,3,0,3,182167
2,6,2,8,2,1,3,NA
13,3,2,2,9,0,3,1343667
8,2,2,1,11,0,3,160000
1,3,1,1,11,0,3,2108333
8,7,2,1,2,1,3,NA
1,1,1,NA,0,0,3,NA
10,2,1,NA,0,0,3,NA
9,4,1,NA,1,1,3,NA
1,3,2,8,9,0,3,700000
5,2,2,8,9,0,3,NA
8,2,2,NA,1,0,3,NA
2,2,1,8,11,0,3,1230000
13,2,1,NA,1,0,3,NA
9,4,1,1,6,1,3,NA
3,1,1,2,6,0,3,978333
16,2,2,8,3,0,3,200000
16,1,1,2,1,0,3,475000
14,1,2,NA,1,1,3,NA
14,4,1,1,0,0,3,210000
13,2,1,1,4,0,3,150000
6,3,2,1,11,0,3,425667
10,2,1,1,5,0,3,330508
9,4,1,8,4,1,3,NA
13,4,2,6,11,0,3,336000
3,4,2,2,3,0,1,NA
9,1,1,1,2,0,3,616667
5,4,2,8,5,0,1,41667
13,7,1,1,2,0,3,900000
13,2,1,NA,1,0,3,NA
13,2,2,2,8,0,3,803333
6,7,2,1,3,0,3,NA
7,1,2,1,4,0,3,NA
5,1,1,1,3,0,3,380000
15,1,1,NA,0,0,3,75000
8,4,2,NA,1,0,3,NA
15,3,2,2,7,0,3,1797667
8,4,2,7,0,0,3,NA
13,4,2,1,6,1,3,NA
8,2,1,6,3,0,3,543000
14,3,2,5,8,0,3,824778
4,2,2,NA,0,0,3,NA
12,4,1,2,6,0,3,1435834
9,2,1,6,7,0,3,400000
14,4,2,8,6,1,3,NA
13,2,1,2,5,0,3,1591250
10,1,2,8,5,1,3,NA
14,4,1,6,5,0,3,420000
5,4,1,1,5,0,3,740000
15,2,1,1,5,0,3,70000
8,4,1,NA,0,0,3,NA
5,6,2,1,-88,0,3,300000
8,1,2,8,9,0,3,NA
5,6,1,8,6,0,3,320000
13,7,2,1,2,1,3,200000
15,2,2,NA,0,0,3,NA
8,2,2,NA,0,0,3,NA
9,4,2,6,8,0,3,100000
2,4,1,2,9,0,3,420000
2,3,1,2,5,0,3,430000
10,6,1,7,1,0,3,25000
9,6,2,1,3,0,3,150000
2,3,1,1,2,0,3,283651
6,4,1,NA,1,0,3,NA
1,7,2,2,5,1,1,200000
13,2,1,1,1,0,3,380000
14,1,2,8,7,0,3,NA
5,4,1,2,1,0,3,400000
13,2,1,2,6,0,3,210000
8,4,2,NA,0,0,3,NA
5,2,2,8,9,0,2,100000
5,2,1,7,2,1,3,NA
13,2,1,2,5,0,3,600000
1,2,1,2,5,0,3,600000
14,4,2,2,3,0,3,400000
11,6,1,8,3,1,3,1215833
14,4,2,NA,0,1,3,60000
7,7,2,8,9,0,3,NA
16,1,1,1,1,0,3,40000
13,7,2,8,3,0,3,NA
16,7,1,NA,0,0,3,NA
15,3,1,8,9,0,3,NA
9,2,2,8,9,0,3,NA
8,4,2,1,11,1,3,1104000
13,2,1,7,1,0,3,90000
13,4,1,NA,1,0,3,NA
1,7,1,NA,1,1,1,NA
5,1,1,1,3,0,3,380000
4,3,2,5,6,0,3,390000
11,6,1,8,6,1,3,905000
11,4,2,1,5,0,3,690000
10,4,2,1,1,0,3,50000
9,4,2,2,5,1,3,600000
1,1,2,5,6,1,3,800000
9,2,2,8,9,1,3,NA
13,2,2,NA,0,0,3,NA
13,4,1,1,11,0,3,387000
8,1,2,1,2,0,3,NA
7,7,1,5,4,0,3,176000
3,2,2,NA,1,1,3,NA
13,4,2,NA,0,0,3,NA
8,7,2,NA,2,0,3,NA
13,3,2,2,5,0,3,NA
9,4,2,NA,0,0,3,50000
6,4,1,2,1,0,2,450000
14,4,2,2,6,0,3,550000
10,2,1,NA,0,0,3,NA
5,1,1,1,5,0,3,815000
1,5,2,1,1,1,3,NA
5,2,1,8,11,0,3,530000
1,2,2,8,6,0,3,100000
2,2,2,NA,2,0,3,NA
8,1,2,8,5,0,3,NA
6,4,2,2,1,0,3,350000
8,1,2,5,1,0,3,194000
8,4,1,1,1,0,3,450000
8,3,1,1,3,0,3,700000
13,2,2,7,1,0,3,NA
7,1,1,2,6,0,3,390000
11,6,2,8,7,0,3,341667
3,2,1,1,8,0,3,1000000
13,7,1,2,1,0,3,423333
2,1,1,1,8,0,3,1000000
5,2,1,5,11,0,3,500000
4,1,2,8,2,0,3,NA
4,1,2,1,2,0,3,NA
13,7,2,1,7,0,3,80000
5,3,1,2,5,0,3,400000
2,1,1,NA,0,0,3,NA
16,4,2,8,2,0,3,29167
5,4,1,1,0,0,3,664167
13,7,1,1,9,0,3,2008333
2,6,1,NA,1,1,3,NA
8,4,1,2,6,1,3,1330333
13,7,2,8,5,0,3,300000
4,1,1,8,8,0,3,400000
10,2,1,2,1,0,2,60000
9,3,1,8,9,0,3,NA
13,7,1,1,1,1,3,NA
12,4,1,8,9,0,3,NA
7,4,2,2,1,0,3,160000
10,4,2,NA,1,0,3,NA
13,3,2,8,9,0,3,NA
12,3,1,8,3,0,3,450000
7,4,2,1,1,0,3,NA
9,7,2,8,5,0,3,500000
13,2,2,5,8,0,3,300000
6,4,1,2,5,0,3,350000
1,5,1,8,5,0,3,450000
10,4,2,7,1,0,3,2083
6,7,2,8,8,0,3,1300000
5,4,2,2,1,0,3,NA
7,2,2,8,11,0,3,2050000
7,7,2,8,2,0,2,400000
15,1,2,NA,0,1,3,NA
3,2,2,8,3,0,3,NA
13,2,2,1,2,0,3,NA
1,1,1,NA,1,1,2,NA
9,1,1,1,2,0,3,200000
16,1,2,8,0,0,3,NA
2,1,2,2,4,0,3,80000
7,4,1,8,2,0,3,NA
13,7,1,1,4,0,3,1000000
2,3,2,2,6,0,3,NA
10,6,2,1,6,0,3,NA
8,6,1,NA,1,0,3,NA
5,4,2,2,5,0,3,NA
14,4,2,NA,1,0,2,NA
4,1,2,8,9,0,3,NA
12,4,2,NA,1,1,2,NA
14,2,2,2,11,0,3,1406667
16,4,2,8,11,0,3,1016667
13,2,1,1,8,1,3,810000
6,2,1,1,6,0,3,800000
10,4,2,2,6,0,3,500000
10,4,2,NA,0,0,3,NA
6,4,2,8,2,0,3,NA
13,4,2,8,5,0,3,100000
2,2,1,1,8,0,3,753333
4,3,2,8,8,0,3,404167
6,4,2,1,5,0,3,450000
3,6,1,8,8,0,3,733750
4,1,2,NA,1,0,3,NA
8,2,2,7,5,0,3,150000
13,4,2,8,6,1,3,599160
7,7,2,1,0,0,3,NA
13,2,2,NA,0,0,3,NA
13,7,2,8,9,0,3,NA
13,1,1,8,3,0,3,NA
13,3,1,8,3,0,3,NA
5,7,2,8,11,0,3,400000
14,3,1,8,3,0,3,NA
1,2,1,2,5,0,3,33333
16,3,2,1,11,0,3,1000000
11,4,1,1,6,0,3,2400000
1,5,2,1,3,0,3,NA
5,2,2,5,2,0,2,200000
10,7,1,5,3,0,3,600000
5,1,2,NA,0,0,2,NA
13,3,2,1,12,0,3,1716667
7,2,1,2,5,0,3,300000
6,2,1,1,11,0,3,850000
6,4,2,NA,0,0,3,NA
14,1,2,8,3,1,3,NA
8,1,2,1,1,0,3,NA
7,2,1,8,3,0,3,NA
8,2,1,8,9,0,3,NA
7,4,1,NA,0,0,2,NA
5,3,2,8,3,0,3,290000
5,4,1,2,5,0,3,450000
2,2,1,1,1,0,3,170000
16,3,1,1,6,0,3,496667
5,4,1,7,1,0,3,501066
8,3,2,7,8,0,3,244000
6,6,2,1,2,0,3,NA
10,6,2,1,1,0,3,184000
5,7,1,1,4,0,3,880000
9,4,2,2,6,1,3,147000
11,6,2,1,7,0,3,492000
9,7,2,1,2,1,3,NA
15,2,1,8,5,0,3,200000
7,4,1,7,1,0,3,520000
2,1,1,1,5,0,3,600000
2,2,1,1,11,0,3,2810000
1,2,2,NA,0,0,3,NA
15,4,2,NA,2,1,2,NA
3,2,2,8,6,0,3,474000
10,1,1,1,2,1,3,510000
4,1,2,NA,1,0,3,NA
7,1,1,8,11,0,3,1080000
15,4,2,NA,0,1,3,NA
13,4,2,NA,1,0,3,NA
4,7,2,8,6,0,3,NA
7,4,2,NA,1,0,3,NA
9,4,1,2,9,0,3,450000
7,2,1,8,2,0,3,200000
15,4,1,NA,1,1,3,NA
15,4,1,8,5,0,3,430000
3,6,2,7,3,1,3,510000
16,1,2,2,5,0,3,NA
11,6,2,8,1,1,3,577083
10,4,2,8,5,0,3,NA
10,6,2,NA,1,0,3,NA
3,2,2,7,8,0,3,NA
3,6,2,8,6,0,3,445834
1,2,2,NA,0,0,3,NA
13,7,2,1,12,0,3,1804167
7,7,2,1,6,0,3,500000
15,1,2,NA,0,0,2,NA
9,2,1,1,8,0,3,980750
7,4,2,1,2,0,1,NA
8,1,1,2,5,0,3,768333
10,2,2,2,5,0,3,NA
8,1,2,8,5,1,3,NA
10,2,2,7,11,0,3,300000
10,1,1,NA,1,0,3,NA
14,2,2,8,7,0,3,858000
13,2,2,8,11,0,3,950000
13,6,2,NA,1,0,1,NA
8,2,2,1,5,0,3,NA
13,3,2,NA,1,0,3,NA
6,3,1,8,11,0,3,NA
1,2,1,8,3,0,3,NA
4,1,1,NA,1,0,3,35000
13,2,2,NA,0,0,3,NA
3,2,1,1,6,0,3,1200000
8,6,2,8,6,0,3,250000
7,4,2,8,3,0,1,28333
4,1,1,NA,1,1,3,NA
5,4,2,8,7,0,3,NA
10,4,2,2,5,1,3,NA
16,1,1,8,1,0,3,NA
1,3,1,1,6,0,3,458333
3,3,2,8,6,0,3,590833
7,3,1,8,11,0,3,4608333
14,6,2,7,1,1,3,200000
16,1,1,8,3,0,3,NA
13,2,2,NA,1,0,3,NA
16,2,1,8,3,0,3,450000
15,2,2,2,11,0,3,294000
1,2,2,8,1,0,2,200000
13,7,1,8,11,1,3,700000
5,1,1,1,3,0,3,180000
12,4,1,1,5,0,3,600000
5,3,2,2,9,0,3,1068333
6,3,1,2,9,0,3,3833333
5,2,2,1,2,0,3,116000
13,4,1,8,3,0,3,NA
10,4,2,7,1,0,3,181640
8,4,2,8,6,0,1,NA
13,6,2,8,5,0,3,400000
4,4,2,1,5,0,3,300000
10,2,2,8,9,0,3,NA
14,2,2,8,9,1,3,415000
3,1,2,2,5,0,3,NA
7,4,1,2,5,0,3,443333
9,1,2,1,5,0,3,412083
15,2,1,8,9,0,1,NA
12,4,2,NA,1,1,3,NA
7,7,2,1,1,0,3,NA
10,4,1,1,1,0,3,NA
15,1,2,2,7,0,3,NA
14,2,1,1,1,0,3,421000
6,4,2,5,6,0,3,320000
13,3,1,1,10,0,3,616250
13,6,2,8,7,0,3,400000
13,6,2,2,5,0,3,300000
4,1,2,2,1,0,3,NA
1,3,2,8,11,0,3,NA
14,6,1,8,9,0,3,50000
1,7,2,NA,1,0,2,NA
3,1,1,2,0,0,3,700000
6,6,1,1,2,0,3,650000
9,6,2,8,6,0,3,1700000
13,4,2,2,1,1,3,NA
16,4,2,2,5,0,2,NA
8,4,1,2,2,0,3,450000
5,6,2,8,8,0,3,500000
13,4,1,NA,1,0,3,NA
13,2,1,8,3,0,3,NA
9,1,1,8,6,1,3,NA
11,6,1,1,11,0,3,500000
5,3,2,1,11,0,3,1500000
8,2,1,8,12,0,3,2516667
13,3,1,NA,1,0,3,NA
9,7,1,8,2,0,3,NA
4,1,1,8,9,0,3,NA
3,1,2,8,1,0,3,NA
8,2,1,2,2,0,3,460000
13,4,2,7,1,0,3,350000
2,2,1,1,11,0,3,1208333
10,4,2,2,5,0,3,1005833
9,1,2,7,2,0,3,211000
6,4,1,1,1,0,3,400000
14,1,2,7,3,0,3,NA
7,1,2,5,4,0,3,588333
11,4,1,8,8,0,3,506207
5,4,2,8,7,1,3,195000
14,2,1,NA,1,0,3,NA
2,2,1,8,5,0,3,NA
13,2,1,1,5,0,3,700000
15,1,1,NA,1,1,3,NA
15,4,2,2,1,1,3,350000
13,2,2,8,5,0,3,NA
12,3,1,2,11,0,3,5000000
11,4,1,8,3,1,3,NA
8,1,2,8,5,1,3,467083
13,6,1,8,9,0,3,NA
10,2,2,2,5,0,3,216667
3,1,1,6,3,0,3,900000
15,1,1,2,6,1,3,700000
13,4,1,8,5,0,3,165000
3,4,1,1,3,0,3,500000
1,2,1,NA,0,0,2,NA
8,1,1,8,5,0,3,400000
5,2,1,7,2,0,3,223000
8,3,2,1,5,0,3,NA
1,7,2,8,6,0,3,550000
16,6,2,6,6,0,3,501333
3,1,1,8,3,0,3,400000
16,2,2,7,5,0,3,800000
13,6,2,1,5,0,3,450000
13,2,2,2,11,1,3,852500
11,4,1,NA,1,0,3,NA
10,2,2,7,1,0,3,372000
1,7,2,2,6,0,3,500000
13,6,1,2,11,0,3,2082000
4,1,1,1,11,0,3,800000
11,6,1,2,7,0,3,600000
6,4,1,2,11,0,3,1550000
6,1,2,NA,0,1,3,NA
13,4,2,1,11,0,3,NA
10,2,1,NA,1,1,3,NA
15,2,1,8,3,0,3,240000
5,2,1,2,2,0,3,330000
12,3,2,8,5,0,3,115000
14,6,1,1,2,1,1,161667
14,4,2,NA,1,1,3,NA
4,2,1,1,11,0,3,1328584
14,3,1,1,9,0,3,NA
13,2,2,1,5,0,3,160000
9,4,2,1,1,0,3,NA
13,7,1,1,10,0,3,2916667
13,2,2,1,2,0,3,NA
9,1,1,7,1,1,3,600000
14,2,2,5,2,0,3,NA
16,4,2,NA,0,0,3,NA
7,2,1,8,5,0,3,4167
16,6,1,8,6,0,3,700000
15,2,2,NA,1,1,2,NA
4,2,2,6,8,0,3,NA
15,2,1,NA,0,0,3,NA
3,1,1,8,2,1,3,400000
11,6,1,8,9,0,3,NA
8,3,1,8,11,0,3,2687834
6,4,1,1,0,0,3,NA
13,2,1,NA,1,0,3,NA
8,3,1,NA,1,0,3,NA
13,7,2,2,9,0,3,60000
8,6,1,1,6,0,3,400000
7,7,1,NA,1,0,3,NA
11,6,2,8,3,0,3,NA
1,2,1,2,9,0,3,2225000
13,2,1,1,11,0,3,2700000
6,4,2,1,1,0,3,NA
14,4,1,1,11,0,3,380000
13,2,2,1,2,0,3,160000
7,1,2,5,6,0,3,568000
13,4,1,6,5,0,3,754167
5,7,2,1,3,0,3,500000
13,4,1,1,3,0,3,NA
13,7,2,2,5,0,3,NA
12,6,2,8,3,0,3,NA
13,4,2,8,9,0,3,100000
8,2,1,1,2,0,3,300000
5,6,1,NA,1,0,3,NA
13,2,2,1,8,0,3,802083
13,6,2,2,8,0,3,250000
13,2,2,2,9,1,3,608333
15,2,2,8,9,0,3,NA
2,1,2,7,11,0,3,200000
9,7,2,NA,0,1,2,NA
5,4,1,NA,1,0,3,NA
3,1,1,8,3,0,3,400000
13,4,2,5,5,0,3,206667
9,7,2,NA,1,0,3,120000
11,6,1,8,3,0,3,1408333
13,2,2,1,3,0,3,NA
12,4,2,6,2,1,3,NA
3,4,1,1,8,0,3,810000
4,4,2,8,2,0,3,633333
2,2,2,8,8,0,3,600000
13,1,2,8,9,0,3,NA
4,2,1,2,5,0,3,400000
12,4,2,8,4,0,3,181262
10,2,1,6,5,0,3,500000
9,4,2,1,1,0,3,190000
8,4,1,NA,1,0,3,NA
5,2,2,1,8,0,3,350000
3,6,2,5,5,0,3,502000
12,3,2,1,11,0,3,NA
4,1,2,7,3,0,3,NA
15,2,2,8,3,0,3,NA
5,2,2,NA,1,0,3,NA
16,2,1,8,5,0,3,370000
8,6,2,1,1,0,3,NA
12,6,2,7,3,0,3,400000
9,4,2,7,1,0,2,NA
1,7,1,1,11,0,3,1000000
6,2,1,8,5,0,3,234667
16,1,1,1,-88,0,3,500000
4,1,2,2,5,0,3,NA
4,7,2,NA,1,0,3,NA
13,4,1,NA,1,0,3,NA
16,1,2,1,3,1,2,NA
2,2,2,1,1,0,3,380000
3,1,2,NA,0,0,3,NA
10,4,2,8,1,1,3,335000
8,6,2,8,7,1,3,NA
7,2,2,6,5,0,3,320000
9,2,2,2,6,1,3,220000
2,3,2,1,6,0,3,1131667
13,4,2,1,6,1,3,340000
16,4,1,NA,1,0,3,NA
3,1,2,8,3,0,3,NA
13,3,2,8,12,0,3,2200000
10,4,1,8,9,1,3,NA
13,1,2,1,2,0,3,NA
7,4,1,NA,1,0,3,NA
6,4,2,1,5,0,3,NA
13,3,2,6,9,0,3,1060833
14,4,1,1,3,0,3,NA
12,4,2,8,5,1,3,NA
5,7,1,8,3,0,3,NA
8,4,2,8,3,1,3,NA
13,7,2,7,0,0,2,140000
15,1,1,1,11,0,3,230000
16,1,1,7,2,0,3,250000
13,3,2,8,10,0,3,2026667
15,4,1,8,6,1,2,NA
5,2,2,1,6,0,3,180000
9,1,2,8,3,1,2,NA
9,4,2,1,5,1,2,NA
5,2,1,8,11,0,3,700000
6,4,2,1,5,0,3,NA
9,7,1,1,6,1,3,380000
14,3,1,2,3,0,3,448643
9,4,1,8,9,0,3,385000
10,4,1,8,8,0,2,NA
9,3,2,NA,0,0,3,NA
7,4,1,2,2,0,3,600000
9,7,1,8,6,0,3,825000
5,1,2,1,1,0,3,30000
3,1,1,6,5,0,3,756667
5,2,2,8,7,0,3,460000
8,4,1,8,4,0,3,NA
4,7,2,8,9,0,3,NA
8,3,1,1,11,0,3,11518333
9,1,2,5,1,0,1,NA
5,4,2,5,7,0,3,250000
8,1,2,8,1,0,3,NA
7,4,1,1,5,0,3,550000
1,2,2,8,2,0,3,260000
5,4,1,1,4,0,3,300000
13,3,2,NA,1,0,3,NA
16,3,1,NA,0,0,3,NA
16,3,2,6,11,0,3,1603333
9,1,2,1,5,0,3,NA
13,7,2,1,3,0,3,NA
13,7,2,8,0,0,3,NA
4,1,1,2,1,0,3,500000
15,2,2,8,7,0,3,NA
9,1,1,2,5,1,3,200000
8,2,1,1,5,0,3,100000
6,6,2,4,3,0,3,285000
13,2,2,2,9,0,3,NA
7,1,1,8,2,0,3,NA
10,4,1,2,5,0,3,200000
13,7,1,2,3,0,3,500000
8,2,1,NA,1,0,3,NA
5,2,2,2,5,0,3,NA
8,4,1,8,2,0,3,NA
13,7,1,2,11,0,3,600000
13,4,1,2,3,0,3,421160
1,1,2,8,6,1,3,NA
6,2,1,1,5,0,3,420000
6,6,2,8,5,0,3,NA
13,1,1,1,5,0,3,1504167
2,3,2,1,6,0,3,NA
10,2,2,6,11,0,3,200000
9,4,2,1,2,1,3,524167
8,4,2,1,1,0,3,213333
13,4,1,8,9,1,3,400000
6,6,2,6,6,0,3,400000
14,6,2,8,4,0,3,NA
8,1,2,8,11,1,3,NA
2,6,1,1,5,1,3,1330000
9,1,2,2,6,0,3,NA
16,4,2,1,1,0,3,NA
10,4,1,6,5,1,3,100000
15,3,2,5,5,0,3,400000
8,1,2,1,8,0,3,120000
14,2,2,8,5,0,3,241667
5,2,2,1,3,0,3,NA
3,6,2,2,3,0,3,400000
8,6,2,8,1,0,3,NA
10,1,2,5,3,0,2,NA
9,2,2,8,9,1,3,NA
10,4,2,1,5,0,3,214167
6,2,2,1,11,0,3,231743
16,4,2,1,8,0,3,861250
13,2,1,NA,1,1,2,65000
3,1,2,6,1,1,3,175000
7,4,2,8,6,0,3,532500
13,2,2,2,11,0,3,414167
3,6,2,5,5,0,3,500000
15,2,1,8,3,0,3,NA
13,2,2,8,9,0,3,1214833
10,6,1,1,2,0,3,362000
16,4,2,7,2,0,3,390000
14,2,2,NA,1,0,3,NA
9,7,1,NA,2,0,3,NA
11,6,2,2,6,0,3,NA
15,2,1,NA,1,0,3,NA
8,1,1,1,5,0,3,500000
13,1,1,1,7,0,3,NA
13,1,2,6,3,0,3,180000
11,4,2,8,5,0,3,400000
12,4,1,1,5,1,3,945000
1,2,1,NA,1,0,3,NA
13,7,1,8,6,0,3,695000
7,2,1,1,7,0,3,700000
6,4,1,8,3,0,3,NA
8,1,1,NA,1,0,3,NA
10,1,1,2,3,0,3,357000
14,4,1,2,3,0,3,516667
5,2,2,NA,1,1,1,NA
5,2,2,6,11,0,3,2214167
13,6,2,NA,0,0,3,NA
7,3,1,8,11,0,3,850000
8,1,1,8,5,0,3,600000
3,1,1,NA,1,0,3,NA
13,2,1,8,3,0,3,710000
8,6,2,NA,1,0,3,NA
9,4,2,1,5,0,3,246408
16,1,1,2,1,0,3,480000
13,4,2,NA,0,0,2,NA
16,4,1,2,5,0,3,418333
7,1,1,2,3,0,2,500000
12,4,2,7,2,0,3,329304
15,1,1,6,3,0,2,152165
9,1,2,NA,1,1,3,NA
9,1,1,7,6,1,3,483333
13,2,2,1,1,0,3,240000
2,2,1,NA,0,0,1,NA
6,1,1,1,1,0,3,190000
8,1,1,NA,1,0,3,NA
8,3,2,1,11,0,3,825000
5,4,1,2,5,0,3,400000
14,4,2,8,9,0,3,NA
13,4,2,2,11,0,3,1200000
13,6,1,1,5,0,3,80833
5,6,2,1,11,0,3,180000
5,2,2,2,11,0,3,1500000
6,6,2,1,2,0,3,300000
7,1,2,NA,1,0,3,NA
6,6,1,2,11,0,3,667334
1,1,2,NA,0,0,3,NA
9,1,2,8,1,1,3,20000
8,3,1,NA,1,0,3,NA
1,1,2,1,3,0,3,NA
7,2,1,NA,1,0,3,NA
13,6,2,8,11,0,3,NA
15,3,2,8,7,0,3,NA
1,7,1,1,5,0,3,1430000
4,6,1,2,11,0,3,1450000
7,4,1,6,8,0,3,400000
7,4,1,NA,2,0,3,NA
10,4,1,2,3,1,3,735000
7,1,2,8,5,0,3,8333
5,1,1,1,5,0,3,400000
15,1,2,8,3,1,3,NA
13,2,2,7,1,0,3,150000
8,4,1,2,3,0,2,60000
7,1,2,8,5,0,1,NA
9,1,1,NA,0,1,3,NA
1,5,1,8,4,1,3,300000
12,6,1,2,4,0,3,800000
9,7,2,2,2,0,3,300000
1,2,2,1,5,0,3,395000
13,2,2,1,6,0,3,548000
6,7,1,2,6,0,3,420000
1,1,1,NA,0,0,1,NA
13,7,2,1,12,0,3,2425000
10,4,1,8,0,0,3,NA
9,1,2,7,1,1,3,320000
14,7,2,5,5,0,3,726000
11,6,1,2,3,0,3,300000
16,7,1,8,6,0,3,250000
4,2,1,NA,1,0,3,NA
16,7,1,1,3,0,3,420000
5,6,1,8,9,0,3,500000
4,4,2,7,4,0,3,NA
13,6,1,2,11,0,3,1662001
6,4,1,2,5,0,3,881667
5,3,2,7,3,0,3,464167
9,4,2,NA,1,1,3,NA
3,2,1,5,4,0,3,380000
16,2,1,1,2,0,3,406000
4,1,2,1,5,0,3,NA
16,3,1,1,6,0,3,177000
6,1,2,1,5,0,3,400000
8,4,1,8,9,0,3,NA
13,7,1,1,5,0,3,510000
10,6,1,8,1,1,3,16667
16,4,2,1,3,0,3,NA
2,2,2,8,6,0,1,300000
13,1,1,NA,1,0,3,NA
15,1,2,2,0,1,3,450000
9,7,2,1,8,0,3,NA
13,3,1,1,12,0,3,3180000
7,2,2,1,5,0,3,NA
4,2,2,8,2,0,1,NA
13,1,1,1,5,0,3,575000
13,7,2,1,12,0,3,2296667
10,4,2,8,1,0,3,170000
5,2,1,1,5,0,3,454167
8,4,2,8,9,0,3,NA
14,6,2,1,11,0,3,400000
13,4,1,5,3,0,3,550000
13,6,1,2,3,0,3,400000
7,1,2,2,1,0,3,NA
9,2,2,NA,1,0,3,NA
9,3,1,8,11,1,2,NA
14,6,2,1,11,0,3,1108333
6,6,2,8,5,0,3,50000
10,2,1,6,3,1,3,700000
5,4,2,2,5,0,3,NA
6,4,1,NA,1,0,3,120000
2,4,2,5,5,0,2,430000
2,4,2,1,11,0,3,213000
11,4,1,2,1,0,3,NA
7,2,2,8,5,0,3,NA
2,3,2,NA,0,1,3,NA
2,4,1,8,5,1,3,315000
13,4,2,2,2,0,3,2500
10,7,2,2,6,1,3,NA
15,1,2,NA,1,1,3,NA
6,4,1,8,2,0,1,NA
6,1,2,2,2,0,3,404167
5,4,1,NA,1,0,3,NA
8,1,1,8,3,0,3,416667
10,3,2,2,8,0,3,300000
9,4,2,1,1,1,3,NA
3,4,1,1,2,0,3,974167
16,1,1,8,0,0,3,NA
7,4,2,NA,0,0,3,50000
10,6,1,8,5,0,3,NA
6,2,1,2,8,0,3,708333
14,4,1,8,9,1,3,180000
3,4,2,1,6,0,3,600000
1,3,1,NA,0,1,3,NA
4,1,1,1,5,0,3,400000
14,1,1,2,2,0,3,550000
5,1,2,NA,1,0,3,NA
13,4,2,2,5,0,3,440000
14,2,2,1,3,1,3,420000
9,7,1,8,5,0,3,240000
5,4,2,1,0,0,3,NA
9,4,2,8,2,0,3,NA
13,3,2,8,6,0,3,320000
2,2,2,1,2,0,3,NA
10,1,1,1,5,0,3,NA
2,2,2,8,7,0,3,200000
9,7,1,8,2,0,3,280000
14,4,1,1,1,1,2,201667
8,1,1,NA,1,0,3,NA
4,1,1,2,5,0,3,420000
4,2,1,1,9,0,3,1051333
13,1,1,8,6,0,3,600000
12,4,2,7,1,0,3,190000
3,1,2,8,5,0,2,NA
6,3,2,1,11,0,3,NA
4,2,2,NA,0,0,3,NA
7,4,1,1,1,0,3,281324
2,2,2,8,11,0,3,1405072
3,6,2,7,3,1,3,450167
10,4,2,8,9,0,3,NA
6,2,1,1,1,0,3,429167
13,3,1,8,2,0,3,NA
8,2,2,2,11,0,3,1000834
12,3,1,NA,0,1,3,NA
7,7,1,1,1,0,3,610000
2,4,2,2,11,0,3,1060000
6,4,2,2,3,1,2,NA
2,1,2,2,5,0,3,530000
5,6,1,1,2,0,3,193935
11,6,1,8,1,0,3,400000
1,7,1,8,3,1,3,NA
10,4,2,1,1,0,3,NA
16,1,2,1,6,0,3,NA
13,3,2,1,12,0,3,4950000
14,4,2,NA,1,0,3,NA
10,4,2,2,1,1,2,16667
6,4,1,5,1,0,3,300000
14,4,2,2,5,0,3,200000
15,2,2,2,5,0,3,400000
13,3,1,1,8,0,3,1083333
13,1,1,8,5,0,1,NA
6,2,2,1,5,0,3,NA
8,1,2,8,9,0,3,70000
5,6,2,2,1,0,1,10000
6,4,2,NA,1,0,3,NA
13,7,1,8,3,0,3,NA
8,1,1,1,6,0,3,646000
13,3,2,1,9,0,3,NA
4,4,2,1,2,0,3,NA
9,4,2,1,5,0,3,160000
8,4,1,NA,1,0,3,NA
5,4,2,1,11,0,3,410000
6,4,2,8,5,0,3,360000
14,4,2,NA,0,0,3,NA
15,2,1,NA,1,1,3,NA
6,6,1,8,2,0,3,650000
13,3,2,8,11,0,3,620000
13,6,1,8,3,0,3,370757
13,2,1,1,8,0,2,300000
5,2,1,8,6,0,3,530000
13,4,2,1,2,0,3,400000
15,1,1,8,9,1,3,NA
3,2,2,1,1,0,3,NA
15,2,2,1,2,0,3,NA
13,4,2,7,2,0,3,300000
9,4,1,2,5,1,3,NA
13,1,1,2,8,0,3,604167
13,1,2,2,11,0,3,1300000
8,2,2,8,9,0,3,NA
13,3,2,2,11,0,3,1351667
4,3,1,8,11,0,3,700000
8,1,2,1,0,0,3,50000
10,2,2,7,5,0,2,70000
6,4,1,1,0,0,3,410000
16,6,2,8,5,0,3,NA
11,6,1,NA,1,0,3,150000
14,4,1,1,1,0,3,2500
13,1,1,NA,0,0,3,NA
2,1,1,1,2,1,3,450000
15,1,2,NA,0,0,3,NA
13,1,1,8,4,0,3,NA
1,3,1,1,11,0,3,1100000
5,6,2,6,8,0,3,NA
8,1,1,8,9,1,3,NA
13,4,1,NA,0,0,3,NA
13,2,2,5,5,0,3,45930
8,4,2,NA,0,0,3,NA
4,1,2,8,6,0,3,NA
4,2,2,7,5,0,1,NA
7,4,1,8,1,0,3,NA
12,6,2,1,8,0,3,NA
16,4,1,5,1,0,3,450000
9,3,2,8,5,0,3,NA
13,2,1,1,11,0,3,750000
5,2,1,NA,1,0,3,NA
8,2,2,8,3,0,3,NA
5,6,1,1,11,0,3,500000
13,2,2,2,3,0,3,260000
6,6,2,6,8,0,3,550000
16,4,1,1,1,0,3,400000
13,3,2,8,9,0,3,NA
11,4,2,1,3,0,3,400000
7,2,1,2,5,0,3,600000
5,3,2,1,5,0,3,NA
8,2,2,1,2,0,3,340000
14,2,2,8,9,0,3,55000
7,2,2,NA,1,0,1,NA
5,4,1,1,11,0,3,106000
9,3,2,NA,2,0,3,NA
13,3,1,2,6,0,3,450000
5,1,1,8,5,0,3,NA
6,4,1,8,1,0,3,200000
12,4,2,6,9,0,3,855000
5,6,2,NA,0,0,3,NA
9,4,1,NA,1,0,2,NA
7,4,1,7,2,0,3,285000
13,3,1,NA,1,0,3,NA
6,4,2,7,1,0,3,NA
13,2,2,NA,0,0,3,NA
14,4,2,7,1,1,2,116667
8,7,1,1,4,0,2,NA
6,4,2,NA,1,0,3,NA
16,3,2,8,0,0,3,NA
16,1,2,1,1,0,3,NA
4,1,1,1,3,0,3,500000
5,1,2,1,6,0,3,NA
13,2,2,8,6,0,2,NA
6,3,2,1,5,0,3,900000
2,2,1,8,5,0,3,1000000
3,1,1,NA,1,0,3,NA
4,4,2,8,4,0,3,NA
6,4,2,1,1,0,3,193000
8,2,1,8,2,0,3,NA
8,1,2,1,5,0,3,536667
1,1,1,8,7,0,3,NA
9,1,2,1,2,0,3,NA
13,3,2,8,6,0,3,689333
7,4,2,8,6,0,3,340100
13,3,2,2,11,0,3,852083
7,1,2,1,1,0,3,NA
5,1,1,NA,1,0,3,NA
1,2,2,8,8,0,3,1100000
5,4,1,1,8,0,3,600000
2,6,1,8,4,0,3,NA
15,1,1,1,5,0,3,800000
8,6,2,7,1,0,3,300000
3,4,1,2,1,1,3,400000
3,2,2,7,1,1,3,NA
5,2,2,7,3,0,3,190000
13,2,1,NA,0,0,2,NA
14,7,2,8,3,0,3,344167
8,1,2,8,2,0,3,NA
10,2,2,7,2,0,3,250922
3,2,2,1,5,0,3,750000
6,4,1,2,11,0,3,1000000
10,7,1,2,5,0,3,500000
13,2,1,1,9,0,3,610000
9,7,2,8,11,0,3,600000
13,1,2,8,3,0,3,NA
11,6,2,2,8,1,3,329153
14,3,1,8,2,1,3,NA
15,2,2,8,3,0,3,NA
3,6,1,8,3,1,3,NA
5,3,1,NA,0,0,3,NA
1,1,2,1,5,0,3,NA
5,6,2,1,8,0,3,400000
4,2,1,1,11,0,1,NA
13,6,2,8,7,0,3,400000
9,4,2,8,9,1,3,70000
5,2,1,2,4,0,2,NA
5,7,1,8,6,0,3,731667
13,3,2,8,7,0,3,400000
3,4,2,8,5,1,2,NA
16,7,1,1,1,0,3,420000
13,3,2,NA,1,0,3,NA
10,4,2,NA,1,1,3,NA
9,1,2,2,1,1,2,NA
12,4,2,8,5,1,2,NA
8,1,1,8,3,0,3,NA
16,1,1,8,7,0,2,NA
10,4,1,7,1,1,3,NA
13,2,1,1,5,0,3,504167
13,3,1,1,12,0,3,3000000
1,2,2,1,3,0,3,141333
6,1,1,1,5,0,3,NA
5,6,1,1,3,0,2,NA
13,1,2,1,6,0,3,NA
13,6,1,8,5,0,3,NA
1,1,1,5,7,0,3,1308334
7,7,2,2,2,0,3,NA
5,4,1,1,2,0,3,600000
14,4,2,1,3,0,3,NA
13,3,1,1,5,0,3,1500000
1,4,1,8,2,0,3,176796
7,4,1,2,6,0,3,1333333
6,7,2,8,5,0,3,410000
8,6,1,NA,0,0,3,NA
8,4,1,1,2,0,1,NA
3,1,2,8,5,0,3,250000
11,6,1,1,1,0,3,554167
9,1,1,1,6,1,3,68333
8,2,1,2,1,0,3,402500
13,1,2,8,1,0,3,NA
13,3,1,2,6,0,3,592500
1,1,1,NA,1,0,3,NA
15,1,2,8,2,0,3,NA
15,2,1,2,9,1,3,1479167
9,7,1,8,9,0,3,2500
6,1,2,1,1,0,3,NA
13,4,2,6,2,0,3,120000
7,4,2,2,2,0,1,NA
13,3,2,1,5,0,3,NA
13,4,1,NA,0,0,3,NA
13,2,2,7,2,0,3,NA
13,7,2,1,5,0,3,NA
15,2,2,8,5,0,3,400088
10,2,2,5,1,0,3,355833
12,4,1,1,11,0,3,2300000
13,4,1,8,7,0,3,595000
13,4,1,1,9,0,3,350000
13,6,2,8,9,0,3,NA
9,1,2,1,1,1,3,NA
5,4,2,7,5,0,3,500000
1,2,1,8,5,1,3,NA
1,1,2,2,2,1,3,NA
9,4,1,5,5,0,3,678000
8,4,1,8,9,0,3,NA
2,2,1,8,11,0,2,NA
10,2,1,NA,1,0,3,NA
7,1,2,8,2,0,3,NA
5,4,1,8,5,0,3,NA
6,7,2,NA,0,0,2,NA
13,3,2,8,9,0,3,NA
9,4,2,8,5,0,3,NA
13,3,1,1,8,1,3,720000
6,2,2,8,5,0,3,380000
5,4,2,2,11,0,3,NA
13,2,2,1,5,0,3,380565
8,2,1,2,11,0,3,900000
6,6,1,2,3,0,3,550000
13,2,1,7,2,1,3,390000
11,2,1,8,8,0,3,920000
15,1,2,8,5,1,3,400000
9,4,2,8,3,1,3,NA
13,6,1,NA,0,0,1,NA
10,4,1,1,1,0,3,154167
5,2,1,2,5,0,3,521667
13,2,1,1,6,0,3,380000
10,7,2,5,1,0,3,192000
9,1,1,7,0,0,3,200000
6,4,2,8,5,0,3,1039666
14,6,2,1,3,0,3,NA
16,6,2,1,10,0,3,1304167
4,2,2,1,5,0,3,220000
7,4,1,1,6,0,3,500000
10,1,2,7,3,0,3,NA
13,2,2,6,8,0,3,300000
9,4,2,7,1,0,2,114167
13,1,1,8,2,0,3,480000
10,4,1,7,1,0,3,NA
2,2,2,8,9,1,3,331204
10,2,1,NA,1,0,3,NA
5,2,1,NA,1,0,3,NA
2,2,2,5,5,0,3,NA
5,1,2,NA,0,1,3,NA
14,4,1,8,5,0,3,586667
7,1,1,1,1,0,1,NA
13,1,2,NA,0,0,2,NA
9,1,1,8,8,0,3,550000
6,6,1,1,6,0,3,600000
13,2,2,7,2,0,3,61200
5,2,1,8,11,0,3,1080000
1,2,1,NA,1,0,3,NA
10,4,1,8,6,0,3,NA
7,2,1,8,8,0,3,450000
13,2,2,7,1,0,3,421000
12,7,1,NA,0,1,3,NA
13,6,1,2,5,0,3,400000
4,1,1,8,2,0,3,450000
13,3,1,2,11,0,3,2600000
13,2,2,7,3,0,3,511333
10,1,2,8,4,0,3,NA
13,4,1,8,11,0,3,800000
9,1,2,8,1,0,3,380000
11,4,2,NA,1,1,3,NA
2,2,2,2,8,0,3,NA
3,1,1,1,11,1,3,1206667
13,2,2,8,9,0,3,280000
7,7,2,7,0,0,3,379103
1,2,1,1,3,0,2,302241
8,6,2,1,1,0,3,NA
9,4,2,8,8,1,3,554167
9,4,2,1,1,1,3,310000
8,1,2,7,1,0,3,NA
5,4,2,1,3,0,3,NA
6,4,2,1,2,0,3,NA
7,7,2,NA,1,0,3,NA
3,2,1,NA,1,0,3,NA
6,6,1,1,5,0,3,500000
13,4,2,8,5,0,3,NA
5,1,2,5,7,0,1,NA
16,6,1,8,9,0,3,NA
5,3,1,NA,0,0,3,NA
8,1,1,NA,0,0,3,25000
5,2,2,8,5,0,3,431667
7,2,2,NA,1,0,3,NA
7,4,2,1,1,0,3,NA
8,1,1,8,2,0,3,100000
13,6,2,1,1,0,3,NA
14,3,2,8,11,0,3,330000
3,1,2,1,1,0,3,NA
15,1,2,1,6,0,3,220000
10,4,2,1,5,0,3,200000
13,2,2,8,8,0,3,280000
10,6,2,NA,0,0,3,NA
16,2,2,2,5,0,1,NA
5,4,1,1,1,0,2,NA
3,6,2,1,1,0,3,NA
8,1,2,NA,1,0,3,NA
12,4,1,8,11,0,3,600000
13,2,2,8,7,0,3,NA
5,2,1,8,9,0,3,NA
13,2,1,1,1,0,3,395000
5,4,2,1,2,0,3,160833
6,1,2,8,2,0,2,100000
7,2,2,2,11,0,3,948333
4,4,2,1,5,0,3,400000
8,4,2,8,3,0,3,NA
13,2,1,NA,0,0,3,NA
14,2,1,1,2,0,3,332417
7,1,2,7,5,0,3,324167
11,4,1,8,5,1,3,NA
2,1,2,8,3,0,3,NA
6,1,2,1,9,0,3,464167
5,2,1,NA,0,0,2,NA
13,6,2,2,11,0,3,700000
6,7,1,NA,1,0,3,NA
5,4,2,8,6,0,3,NA
13,2,2,8,3,0,3,NA
4,1,2,NA,0,0,1,NA
1,1,2,8,6,1,3,NA
15,1,1,8,5,0,3,505000
13,4,1,8,1,0,3,530000
2,2,2,1,7,0,3,NA
7,7,2,1,1,0,3,100000
10,4,1,2,2,0,3,191667
5,6,1,3,6,0,3,1500000
1,1,1,6,7,0,3,NA
13,2,1,1,3,0,3,NA
14,4,2,NA,2,0,3,NA
4,1,2,2,5,0,3,NA
13,3,1,8,7,0,3,340000
10,6,2,7,3,0,3,800000
9,1,1,1,1,0,3,NA
3,4,2,2,5,0,3,228000
3,6,2,8,4,0,3,NA
9,7,2,7,2,0,3,220000
15,1,1,NA,1,1,3,NA
1,1,2,8,3,1,3,NA
6,2,1,8,7,0,3,50000
14,6,2,1,5,0,3,NA
9,4,2,7,0,1,3,243000
15,1,1,8,6,1,3,480000
13,7,1,2,11,0,3,1115833
8,4,1,8,3,0,3,NA
13,7,2,8,9,0,3,320000
13,4,2,8,5,0,3,734667
14,2,2,NA,1,1,1,NA
13,4,2,1,2,0,3,NA
13,4,1,NA,0,0,3,NA
13,4,2,1,6,0,3,465000
4,4,2,8,6,1,3,NA
7,4,1,8,2,0,3,NA
8,2,1,1,9,0,3,4000000
8,4,2,NA,1,0,3,NA
6,3,2,1,10,0,3,1574334
9,2,2,8,5,0,2,NA
9,2,1,1,5,0,3,600000
5,2,2,2,5,0,3,280000
12,4,1,5,5,0,3,220000
7,1,1,8,9,0,3,700000
5,4,2,2,11,0,3,250417
8,2,1,8,3,1,3,NA
16,1,2,8,11,0,3,600000
8,2,1,1,6,0,3,NA
7,4,1,2,3,0,3,120000
3,6,2,2,6,0,3,406667
7,3,2,8,9,0,3,300000
16,4,2,1,2,0,3,NA
13,2,2,NA,0,0,3,100000
12,2,1,8,5,0,3,400000
1,7,2,2,7,0,3,80000
10,4,2,8,11,1,3,1380000
13,4,1,2,5,0,3,815000
7,4,1,8,4,0,3,NA
6,4,1,8,5,0,3,NA
2,4,1,5,5,0,3,1180000
6,4,1,8,9,0,3,NA
1,2,1,8,5,1,3,NA
7,4,1,8,5,0,3,408333
9,1,1,8,6,0,3,NA
5,4,1,8,5,0,3,352500
5,2,2,NA,0,1,3,NA
11,6,1,NA,1,0,3,NA
8,6,1,NA,1,0,2,NA
13,2,2,1,3,0,3,NA
7,1,1,6,3,0,3,350000
13,2,2,7,2,0,3,190000
14,7,2,2,11,0,3,12500
5,6,2,2,11,0,3,500000
6,1,1,2,3,0,2,405000
7,4,2,8,9,0,2,NA
7,2,2,7,3,0,3,140000
13,1,1,NA,1,0,3,NA
1,1,1,1,1,0,3,90000
2,2,2,2,9,0,3,200000
7,4,1,1,2,0,3,260000
14,1,2,NA,0,0,2,NA
5,2,1,1,5,0,2,300000
9,2,2,7,1,0,3,140000
7,4,1,NA,0,1,3,NA
3,1,1,NA,1,0,3,NA
5,4,2,2,11,0,3,1790000
13,6,2,1,11,0,3,1216667
15,1,1,8,11,1,3,NA
5,6,2,NA,0,0,3,NA
13,3,1,8,3,0,3,600000
14,1,2,8,1,0,3,NA
9,4,1,2,5,0,3,1058333
8,1,2,2,6,0,3,400000
5,2,2,8,4,0,3,121660
4,1,1,8,8,0,3,900000
8,1,2,NA,0,0,3,NA
13,4,2,NA,0,0,3,NA
10,2,2,7,1,0,3,NA
13,6,2,2,6,0,3,NA
6,6,2,7,0,0,3,300000
5,2,2,6,9,0,2,300000
8,3,1,8,11,0,3,1000000
13,3,2,NA,1,0,3,NA
12,4,1,8,3,0,3,NA
16,1,2,7,1,0,3,NA
3,1,2,2,3,0,2,60000
6,2,2,NA,0,0,3,NA
14,1,1,1,1,0,3,60000
13,7,2,NA,0,0,3,NA
8,6,1,8,5,0,3,400000
13,1,2,8,9,0,3,593333
10,2,2,1,5,1,3,503333
9,1,2,1,1,0,3,NA
13,4,1,1,8,0,3,454167
13,2,1,1,5,1,3,644167
4,2,1,7,5,0,3,150000
16,6,2,8,5,0,3,400000
9,4,2,1,1,0,3,291498
16,1,1,1,5,0,3,410000
13,4,1,1,2,0,3,810000
13,7,1,1,11,0,3,1500000
13,4,2,1,5,1,3,259000
8,7,2,7,1,0,3,121000
13,7,2,1,5,0,3,NA
4,4,1,2,3,0,3,270000
10,4,1,1,3,1,3,1300000
9,1,2,1,2,0,3,NA
9,1,1,1,4,0,3,426667
10,6,1,8,7,0,3,NA
11,6,1,2,0,0,3,100000
14,2,1,8,4,1,3,NA
13,7,1,8,9,0,3,150000
7,2,1,NA,0,1,3,NA
10,4,2,8,6,1,3,16667
11,6,2,8,8,1,3,NA
5,3,2,8,9,1,3,160000
13,1,1,NA,0,0,3,NA
9,4,2,1,3,1,3,439167
5,3,2,5,2,0,3,NA
2,2,2,8,5,0,1,60000
7,1,2,8,3,0,1,100000
6,3,1,1,7,0,3,4008333
5,1,1,2,5,0,3,240000
5,4,2,8,8,0,3,280000
2,6,2,NA,0,1,3,NA
7,2,1,2,1,0,3,300000
12,6,2,8,7,1,3,NA
10,3,2,2,11,0,3,NA
12,4,2,8,6,0,1,250000
1,3,2,2,11,0,3,608333
5,4,1,8,3,0,3,NA
13,4,2,1,6,0,3,1341666
2,2,2,7,5,0,3,400000
5,2,1,1,11,0,3,2050000
1,7,1,8,5,0,3,140000
13,4,2,8,1,0,3,270000
11,4,1,1,3,0,3,NA
15,2,1,2,9,0,3,410000
13,2,1,1,3,0,3,NA
7,7,2,1,2,0,3,600000
9,7,2,NA,1,0,3,NA
13,2,1,NA,1,0,3,NA
14,1,1,8,3,1,3,NA
13,6,1,8,9,0,3,504167
8,3,2,6,9,0,3,250000
13,2,2,NA,1,1,3,NA
12,4,1,1,6,0,3,602917
6,2,2,2,6,0,3,390000
16,3,2,NA,1,0,3,NA
9,6,2,7,5,0,3,643000
16,1,1,2,6,0,3,600000
8,3,1,1,2,0,3,688333
11,4,1,2,11,0,3,2300000
3,1,2,2,5,0,3,NA
8,3,2,1,11,1,3,500000
8,2,1,8,9,0,3,NA
13,7,2,1,6,0,3,377000
3,3,2,NA,-88,0,3,NA
5,4,2,2,5,0,3,402500
13,4,1,8,2,0,3,650000
7,1,1,2,9,0,3,2000000
4,2,2,8,8,0,3,900000
2,2,2,2,6,0,3,400000
14,7,2,8,11,0,3,NA
13,1,2,1,1,0,3,500000
15,1,2,1,1,1,3,NA
16,4,2,8,9,0,3,NA
13,3,1,2,5,0,3,640000
6,4,2,8,1,0,NA,480000
12,4,2,1,5,0,3,NA
3,2,2,NA,1,0,3,NA
7,1,1,NA,0,0,3,NA
11,6,1,8,6,0,3,NA
9,4,2,8,4,1,3,602500
10,2,2,1,11,0,3,1000000
7,4,1,1,6,0,3,429167
6,1,1,1,2,0,3,1000000
12,6,2,1,11,0,3,1700000
5,1,1,1,1,0,3,205000
11,4,2,8,1,1,3,130000
13,7,2,8,11,0,3,611667
6,4,1,1,1,0,3,523333
14,4,1,1,2,0,3,500000
15,2,2,8,4,0,3,NA
13,3,2,1,8,0,3,NA
2,2,2,8,11,0,3,1000000
2,6,2,2,5,0,3,NA
16,2,1,NA,1,0,3,NA
5,6,2,8,8,0,3,403333
8,1,1,1,11,0,3,NA
1,2,1,2,5,0,3,130000
13,4,2,8,1,0,3,140000
7,4,2,8,3,0,3,NA
13,4,1,8,9,0,3,1500000
3,4,2,NA,1,1,3,NA
1,7,2,8,4,0,2,NA
15,1,1,8,1,0,3,210000
4,1,1,2,6,0,3,950833
8,2,1,8,5,0,3,8333
5,4,2,8,3,0,3,NA
9,1,1,8,0,1,3,NA
5,1,1,8,9,1,3,200000
13,2,1,1,1,0,3,900000
6,7,1,NA,1,0,3,NA
7,7,2,7,11,0,3,1192333
9,4,2,8,2,1,3,NA
8,4,1,8,5,1,3,NA
5,3,2,2,11,0,3,1358333
3,1,1,8,9,0,3,200000
9,7,1,1,7,1,3,651667
8,1,2,1,1,0,3,NA
6,4,1,1,1,0,2,NA
10,4,1,7,-88,0,3,NA
13,4,2,1,11,0,3,870000
4,7,2,1,8,0,3,NA
13,1,1,8,3,0,3,450000
8,4,1,5,5,0,3,633333
13,1,2,7,2,0,3,140000
16,4,1,1,11,0,3,NA
6,1,1,2,3,0,3,600000
9,1,2,8,4,0,3,NA
16,4,2,1,2,0,3,NA
4,1,2,5,8,0,2,NA
6,1,2,8,3,0,3,NA
11,4,1,2,6,1,3,550000
4,2,2,3,5,0,3,550000
13,4,2,2,5,0,3,355000
4,1,1,8,5,1,3,150000
12,4,1,NA,0,0,3,NA
16,2,2,NA,0,0,3,NA
13,1,1,NA,1,1,3,NA
8,4,2,1,5,1,2,100000
6,2,1,8,8,0,3,450000
5,6,2,1,4,0,3,NA
10,2,2,1,2,1,2,250000
13,7,1,8,5,0,3,NA
5,4,2,8,3,1,3,NA
9,1,1,8,5,1,3,550000
7,7,1,7,4,0,3,NA
7,4,1,8,3,0,3,NA
13,3,1,1,5,0,3,2280000
5,3,2,8,8,0,3,450000
13,7,2,7,6,0,3,290000
2,2,2,8,11,0,3,980000
13,3,2,8,5,0,1,NA
7,1,1,8,6,0,3,450000
13,7,2,7,4,0,3,800000
11,6,1,NA,1,0,3,NA
14,4,1,2,1,0,3,NA
7,2,2,8,5,0,3,NA
8,4,1,NA,1,0,3,NA
5,2,2,8,5,0,3,NA
5,7,1,1,3,0,3,280000
8,2,2,NA,0,0,3,NA
5,1,1,2,3,0,3,1120000
13,2,2,NA,1,0,3,NA
3,4,2,NA,1,0,1,NA
10,4,1,NA,1,0,3,NA
12,3,2,1,6,0,3,NA
9,2,1,1,3,0,3,1205000
12,4,1,NA,0,1,3,NA
13,4,1,1,11,0,3,754167
7,7,2,2,3,0,3,173000
7,3,1,1,5,0,3,505833
15,1,1,8,6,1,3,NA
16,4,1,2,5,0,3,1045000
13,3,2,1,11,0,3,1414167
1,1,2,NA,1,0,2,NA
7,2,1,7,0,0,3,201277
2,1,2,7,3,1,3,NA
16,4,1,1,0,0,3,NA
8,1,2,5,4,0,3,200000
10,1,2,1,1,1,3,120000
14,1,1,8,1,0,3,1119167
1,2,2,NA,1,0,3,NA
6,4,2,7,1,0,3,190000
4,1,2,5,2,0,3,NA
13,6,1,3,9,0,3,850000
15,2,2,8,5,0,3,NA
7,1,1,8,8,0,3,1116667
13,6,2,5,3,0,3,90000
8,3,1,NA,0,1,1,NA
9,2,1,1,6,0,3,1216667
14,4,2,2,8,0,3,317417
6,4,2,1,2,0,1,NA
3,1,1,8,11,0,2,NA
13,4,2,8,8,0,3,332500
13,4,1,8,7,0,3,NA
5,2,2,8,5,0,2,NA
10,4,1,8,2,0,3,100000
14,4,1,NA,1,1,3,NA
8,3,1,1,5,0,3,600000
10,4,1,2,9,0,3,710000
6,1,2,8,5,0,3,NA
13,7,2,8,3,0,3,300833
3,1,2,NA,0,1,2,NA
6,2,1,8,8,0,3,500000
13,7,2,NA,1,0,3,NA
6,6,2,1,3,0,3,NA
9,7,1,8,4,0,3,NA
8,2,1,8,9,0,3,NA
6,1,1,7,4,0,3,1100000
8,3,2,1,8,0,3,530325
5,2,2,5,3,0,3,NA
5,1,2,7,0,0,3,NA
13,1,2,1,3,0,3,400000
13,3,1,2,1,0,3,937000
13,7,1,8,3,0,3,NA
10,2,2,1,5,0,3,300000
9,4,2,2,1,1,3,NA
6,3,2,8,9,0,3,300000
6,2,2,1,5,0,3,468000
1,4,2,6,5,0,3,545000
3,1,1,1,6,0,3,120000
13,7,1,7,2,0,3,196000
7,3,1,NA,0,0,3,NA
9,4,1,2,2,0,2,200000
13,2,1,2,4,0,3,800000
1,2,2,NA,0,0,3,NA
12,4,2,8,6,1,3,489667
8,2,2,5,5,0,3,490000
12,2,1,8,5,0,3,861667
9,1,2,2,5,0,3,380000
12,4,2,8,6,0,3,599500
12,3,2,2,11,0,3,2000000
13,1,2,8,7,0,3,26667
4,4,2,5,3,0,3,350000
15,2,1,8,5,0,3,NA
8,3,1,2,11,0,3,920833
10,1,2,1,2,0,3,NA
10,2,1,2,2,0,3,150000
13,6,1,NA,1,0,3,NA
16,2,2,2,11,0,3,700417
8,2,2,1,5,0,3,NA
13,1,2,8,6,0,3,NA
7,2,1,2,11,0,3,800000
5,4,2,1,11,0,3,158000
7,3,2,8,7,0,3,NA
4,7,2,8,5,0,3,400000
13,2,2,8,6,0,3,381667
13,2,1,8,9,0,3,1032768
5,1,1,8,6,0,3,160000
2,2,2,NA,1,1,2,NA
16,4,1,1,1,0,3,NA
4,2,1,NA,0,0,3,NA
13,2,2,2,5,0,3,452500
13,2,2,NA,0,0,2,NA
4,4,2,1,1,0,1,NA
6,2,2,7,1,0,3,160000
13,7,1,2,1,0,3,120000
1,2,2,NA,1,0,3,NA
5,2,2,7,2,0,2,NA
8,4,1,5,11,0,3,658333
2,2,1,2,3,0,2,400000
13,2,2,5,3,0,3,478773
16,2,1,1,11,0,3,280000
3,6,2,8,9,0,3,NA
11,6,2,6,5,0,3,500000
10,4,2,1,5,0,3,NA
9,4,2,1,1,1,3,NA
16,3,2,2,9,0,3,528333
5,1,1,NA,0,0,1,NA
6,4,2,1,11,0,3,600000
1,7,1,NA,1,1,3,NA
9,4,2,1,5,1,3,384167
13,3,2,1,12,0,3,4000000
4,1,2,1,5,0,3,NA
7,2,2,7,5,0,3,320417
3,4,2,NA,0,0,3,160000
5,1,1,NA,1,0,1,NA
13,6,1,2,11,0,3,390000
1,3,1,NA,1,0,3,NA
16,4,1,NA,0,0,1,NA
12,4,1,NA,1,0,3,50000
7,1,2,8,11,0,1,NA
13,3,2,NA,1,0,3,NA
2,2,1,2,6,0,3,295154
3,2,1,8,0,0,3,NA
13,6,2,8,5,0,2,NA
1,1,2,NA,0,0,3,NA
3,2,2,1,5,0,3,NA
8,2,1,1,11,0,3,283333
13,6,2,2,2,0,3,800000
13,1,2,8,6,1,3,150000
7,4,2,2,3,0,3,NA
5,1,1,1,11,0,3,1050417
4,1,1,1,0,0,3,494000
3,1,2,8,3,0,3,NA
11,6,1,1,3,0,3,488000
1,2,2,NA,1,0,3,NA
15,2,2,1,2,0,3,30000
7,2,1,1,8,0,3,1985427
7,4,1,8,6,0,3,480000
13,4,1,1,11,1,3,2266667
8,2,1,2,2,0,3,480000
5,2,2,NA,1,0,3,NA
5,2,1,NA,1,0,3,NA
13,6,2,1,9,0,3,150000
13,3,2,7,5,0,3,40000
13,3,1,2,6,0,3,891833
16,7,2,7,0,0,3,200000
13,7,1,8,11,0,3,3780000
5,4,1,1,3,0,3,130000
14,4,2,3,11,0,3,600000
5,1,2,7,7,0,3,360000
9,7,1,8,0,0,3,50000
13,7,1,1,2,0,3,400000
12,4,2,8,11,0,3,703167
11,6,2,2,2,0,3,50000
10,1,1,NA,1,1,3,NA
5,2,2,2,2,0,3,100000
1,1,2,1,2,1,3,250000
13,7,2,2,11,1,3,870000
5,6,2,1,5,0,3,422000
5,3,1,6,6,0,3,728333
1,1,1,8,6,0,3,466917
7,4,2,8,11,0,3,915000
16,4,1,8,2,0,3,220000
10,1,2,7,0,0,3,NA
12,4,2,8,5,0,3,NA
13,6,1,2,9,0,3,400000
8,4,1,1,1,0,3,320000
3,1,2,7,1,0,3,NA
15,1,1,1,6,0,3,597250
10,2,1,2,3,0,3,760000
12,2,1,2,5,0,3,616667
8,4,1,1,2,1,3,404167
2,2,2,5,11,0,3,700000
10,2,1,1,6,0,3,400000
7,4,2,8,8,0,3,100000
2,1,2,7,6,0,3,450000
4,1,2,5,5,0,3,150000
9,4,1,1,3,0,3,1205833
5,6,1,8,2,0,3,600000
1,1,1,NA,1,0,3,NA
4,2,2,1,8,0,3,700000
3,2,1,8,11,0,3,1495833
8,1,2,1,1,0,3,16666
2,2,2,7,5,0,3,600000
16,4,1,NA,1,0,3,60000
8,4,2,7,2,0,3,NA
6,6,1,8,5,0,3,NA
11,6,1,2,3,0,3,524167
11,4,2,8,5,0,3,NA
5,3,1,2,11,0,3,1606667
5,2,1,8,9,0,3,NA
6,1,2,1,5,0,3,250000
4,6,1,1,3,0,3,NA
5,4,2,1,3,0,3,24000
5,2,2,1,5,0,3,NA
8,7,1,NA,1,0,3,NA
7,4,1,8,5,0,3,200000
14,3,2,8,5,0,3,570000
16,1,1,3,3,0,3,300000
13,1,1,NA,0,0,2,NA
8,1,2,1,8,0,3,300000
8,1,1,7,3,0,3,220000
6,7,2,2,-88,0,3,200000
13,6,2,8,5,0,3,300000
13,3,1,2,11,0,3,564167
7,1,2,8,5,0,2,200000
5,4,2,7,0,0,3,NA
4,7,2,8,5,0,3,NA
6,4,1,NA,1,0,3,NA
13,2,2,2,11,0,3,NA
1,4,2,NA,1,1,3,NA
2,1,2,2,6,0,3,200000
3,1,1,1,4,0,3,900000
2,1,1,8,5,0,3,NA
8,4,2,1,5,0,3,405833
5,4,2,2,0,0,3,NA
5,1,2,1,11,0,3,120000
6,4,2,8,8,0,3,NA
14,4,2,7,2,0,3,150000
12,6,2,1,1,0,3,NA
15,2,2,1,2,0,3,NA
9,3,1,1,11,0,3,1029167
15,1,2,8,3,0,3,NA
2,2,2,8,1,0,3,NA
16,1,1,NA,0,0,3,NA
13,4,1,8,3,0,3,NA
11,6,2,8,1,1,3,150000
11,6,1,NA,0,0,3,NA
5,4,2,8,9,0,3,NA
9,3,1,1,11,0,3,1180000
3,1,1,8,2,1,3,NA
15,1,1,NA,1,1,3,NA
13,1,1,5,8,0,3,NA
8,3,1,2,5,0,3,450000
10,2,1,1,3,0,3,166000
15,1,2,8,11,0,3,1850000
10,4,1,7,1,0,3,NA
6,3,2,8,6,0,3,1355000
13,4,2,1,5,0,3,580000
5,3,2,7,5,0,3,264000
3,2,1,2,11,0,3,1300000
4,2,2,8,11,0,3,190235
7,2,2,2,5,0,3,NA
8,1,2,1,1,0,3,NA
1,2,2,8,3,0,3,NA
13,4,2,2,11,0,3,NA
1,2,1,1,11,0,3,2033333
3,3,2,2,5,0,3,400000
12,2,2,NA,2,0,3,NA
13,4,2,8,11,0,3,150000
7,2,1,1,6,0,3,1115000
6,4,2,1,4,0,3,150000
9,4,2,8,1,0,3,83333
13,1,1,NA,1,0,3,NA
15,3,2,NA,1,0,3,NA
16,1,1,NA,0,0,3,NA
14,1,1,2,5,0,3,2500
5,4,1,8,3,0,3,NA
9,1,2,1,6,0,3,600000
14,3,2,5,11,0,3,881667
14,4,2,1,1,0,3,NA
3,6,2,2,1,1,3,185000
16,2,1,NA,1,0,2,NA
2,1,1,8,8,0,3,500000
14,2,2,1,5,0,3,NA
6,3,2,2,11,0,3,608333
2,2,2,6,6,0,3,1150000
11,6,2,8,5,1,3,NA
6,4,1,NA,1,0,3,NA
16,1,2,NA,1,0,3,NA
12,6,1,1,1,1,3,393000
1,3,2,1,9,0,3,984167
8,6,1,NA,1,1,3,NA
13,2,1,1,-88,0,3,600000
5,1,1,2,5,0,3,500000
12,4,2,7,1,0,3,700000
13,7,1,8,3,0,3,NA
8,3,2,8,9,0,3,NA
2,1,1,1,5,0,3,695667
14,4,2,7,2,1,3,NA
2,4,2,8,0,0,3,NA
4,7,2,2,5,0,3,450000
5,7,2,NA,1,0,3,150000
13,4,2,8,3,0,3,80000
1,1,1,1,1,1,3,320000
2,3,2,8,9,0,3,NA
6,7,2,2,6,0,3,400000
1,2,1,8,3,0,3,NA
5,4,1,1,8,0,3,1600000
7,4,2,8,4,0,3,NA
8,4,1,NA,0,0,3,NA
13,4,1,2,5,0,3,370000
13,4,1,NA,1,0,3,NA
13,3,2,2,8,0,3,950000
15,2,1,2,5,0,3,600000
7,1,2,6,1,0,1,176000
6,4,2,1,3,0,3,NA
13,7,1,8,8,0,3,750000
14,4,2,NA,0,1,3,NA
10,1,1,8,9,0,3,NA
13,3,1,1,3,0,3,718333
10,6,2,8,9,1,2,NA
14,4,1,1,2,0,1,NA
1,2,2,2,9,0,3,553666
13,2,1,8,5,0,3,700000
15,2,1,2,11,0,3,800000
1,1,1,1,1,0,3,NA
5,4,2,NA,1,0,2,NA
6,2,2,8,6,0,3,540000
5,2,2,8,9,0,3,150000
6,4,2,8,-88,0,3,NA
16,4,2,NA,1,0,3,NA
6,7,2,1,6,0,3,610000
10,3,2,8,3,0,3,NA
2,4,1,8,3,0,3,200000
5,4,1,NA,0,0,3,NA
9,1,1,8,3,1,3,NA
11,6,2,1,1,1,3,NA
13,3,1,NA,1,1,3,NA
13,2,2,2,5,0,3,NA
7,4,1,6,3,0,3,700000
2,2,2,NA,0,0,3,NA
15,3,2,NA,1,0,3,NA
14,4,2,NA,0,1,3,NA
9,1,1,NA,1,1,3,NA
8,1,1,8,8,0,3,450000
13,6,2,1,1,0,3,190000
9,4,1,NA,1,1,2,NA
13,6,2,8,3,0,3,140000
13,7,2,2,5,0,3,NA
16,1,2,2,8,0,3,500000
13,3,2,2,5,0,3,124000
7,2,1,1,2,0,3,160000
4,4,2,1,8,0,3,106667
5,3,1,8,5,1,3,55000
5,1,1,NA,0,0,3,NA
10,6,2,NA,2,0,3,NA
10,1,1,8,5,0,3,600000
14,6,2,8,9,1,3,NA
13,2,2,8,6,0,3,NA
2,3,2,2,5,0,3,400000
2,3,1,5,9,0,3,2300000
13,1,1,8,5,0,2,41667
6,4,2,1,3,0,3,340000
14,3,1,2,4,0,3,2060667
2,2,2,1,5,0,3,715000
1,7,2,NA,1,1,3,NA
1,2,1,8,2,0,3,NA
5,1,2,8,11,0,3,550758
10,4,2,8,6,1,3,NA
2,1,1,1,6,0,3,530000
1,7,2,8,3,0,3,250000
9,7,2,NA,1,0,3,NA
9,3,2,8,5,0,3,1250000
5,1,2,2,1,0,3,260000
13,3,2,1,11,0,3,1400000
5,2,2,8,3,0,3,188833
5,4,2,NA,1,0,3,120000
8,2,2,5,1,0,3,NA
14,2,1,1,7,0,3,NA
14,7,1,8,9,0,3,NA
7,7,1,1,6,0,3,210000
7,4,1,1,6,0,3,1060000
13,2,1,8,2,1,3,800000
12,6,2,1,5,0,3,320000
10,3,1,NA,1,0,3,NA
7,7,2,1,6,0,3,100000
4,2,2,8,2,0,3,NA
7,3,2,8,7,0,3,NA
5,2,2,2,5,0,3,NA
5,2,1,2,8,0,3,602500
8,1,1,1,5,0,3,855000
5,3,2,NA,1,1,3,NA
9,1,2,1,6,1,3,450000
6,4,2,5,5,0,3,100000
8,4,1,8,2,0,3,NA
5,1,2,2,5,0,3,460000
7,4,1,8,3,0,3,NA
7,7,2,NA,1,0,3,125000
13,6,2,8,3,0,3,350000
10,1,1,1,2,0,2,200000
6,4,1,NA,2,1,2,NA
1,1,2,8,3,1,3,115000
3,1,2,7,2,0,3,NA
13,6,1,6,7,0,3,400000
15,1,1,2,6,0,3,600000
5,4,2,NA,1,0,3,NA
10,2,2,1,8,0,3,2400000
6,4,2,NA,1,0,2,NA
8,2,2,8,11,0,3,741667
10,2,1,5,5,0,3,450000
8,2,1,6,8,0,3,900000
3,6,2,2,2,0,3,NA
12,4,1,NA,0,1,3,NA
7,4,2,NA,0,0,3,NA
2,6,2,NA,0,1,3,NA
16,6,1,1,8,0,3,505417
5,4,1,2,2,0,3,715000
1,2,2,7,1,0,3,NA
5,2,2,8,8,0,3,485000
8,2,1,2,5,0,3,300000
6,2,2,NA,0,0,2,NA
3,1,2,NA,0,0,3,NA
16,6,2,NA,1,0,3,NA
13,2,2,1,9,0,3,NA
13,4,1,NA,0,0,3,NA
1,2,1,8,6,1,3,1060000
14,2,1,8,0,0,3,194617
15,4,1,2,2,1,1,380000
8,2,2,1,1,0,3,100000
15,1,2,2,9,0,3,NA
15,1,2,2,8,1,3,400000
8,2,1,2,5,0,3,821250
8,1,1,8,1,0,3,30000
8,3,1,2,11,0,3,500000
7,4,1,NA,1,0,3,NA
1,2,2,2,9,0,3,NA
9,3,2,2,5,0,2,6667
5,2,2,8,3,1,3,60000
8,4,1,8,3,0,3,NA
8,4,1,1,3,1,3,666667
9,1,1,1,6,0,3,840000
13,3,2,8,3,0,3,600000
1,2,1,8,4,1,3,NA
15,2,2,8,4,0,3,240000
9,7,1,NA,0,1,3,NA
13,4,2,5,2,0,3,NA
7,1,1,NA,0,0,3,NA
6,7,1,1,5,0,3,621666
10,6,2,8,6,1,3,60000
10,3,2,1,8,0,3,1516667
13,4,1,1,6,0,3,650000
5,1,2,8,5,0,3,394482
10,4,1,2,5,0,3,400000
9,4,1,8,9,1,3,NA
7,4,2,8,8,0,3,400000
13,2,2,8,2,0,3,NA
3,1,2,NA,1,0,3,NA
6,4,1,8,4,0,2,NA
15,1,1,8,6,0,3,504167
3,1,2,2,5,0,3,NA
9,1,2,NA,1,0,3,NA
7,3,1,2,11,0,3,1560000
15,1,1,8,3,0,3,650000
15,1,1,8,5,0,3,380000
8,3,1,NA,0,0,3,NA
13,6,1,NA,0,0,2,NA
3,1,2,2,5,0,3,600000
7,4,2,7,0,0,3,400000
5,3,1,1,11,0,3,1714398
2,2,1,2,5,0,3,508333
1,1,2,2,9,1,3,NA
15,2,1,NA,1,0,3,NA
5,4,2,2,8,0,3,745000
13,2,2,6,2,0,2,350000
6,4,2,1,5,0,3,516667
10,4,1,2,2,0,3,NA
5,6,1,2,6,0,3,456667
5,1,2,1,1,0,3,410000
8,7,2,1,11,0,3,1600000
8,1,2,7,1,0,3,200000
8,4,1,8,6,0,3,500000
13,2,1,8,5,1,3,NA
6,4,2,NA,0,0,3,NA
10,1,1,8,4,1,3,NA
14,1,1,5,11,0,3,NA
13,1,1,1,2,0,3,630000
13,1,2,NA,0,0,2,NA
14,7,1,5,1,0,3,NA
11,4,2,NA,1,0,3,NA
5,4,2,1,5,0,3,NA
10,1,2,2,7,0,3,NA
6,1,2,1,1,0,3,NA
13,7,1,1,11,0,3,3200000
13,3,2,1,11,0,3,700000
4,4,2,8,5,0,3,NA
13,3,1,8,3,0,3,NA
13,2,1,2,2,0,3,500000
6,4,2,1,11,0,3,110000
13,2,1,5,2,0,3,150000
4,3,1,1,1,0,3,300000
13,4,1,8,3,0,3,800000
2,1,2,6,3,0,3,400000
5,4,1,NA,1,0,3,NA
10,4,2,NA,0,0,3,NA
13,2,1,8,9,0,3,500000
3,2,2,1,11,0,3,1004167
15,2,1,2,2,0,3,450000
9,1,2,2,5,0,3,120000
13,2,2,NA,0,0,3,NA
13,4,2,1,5,0,3,NA
13,2,2,8,1,0,3,NA
6,1,1,1,3,0,3,1950000
4,7,1,8,5,0,3,480000
5,2,2,8,5,0,3,301500
3,4,1,2,8,1,3,745833
8,7,1,8,3,0,2,NA
5,4,2,NA,1,0,3,NA
2,2,1,2,5,0,3,590000
5,1,1,8,7,0,3,NA
13,2,2,8,3,0,3,NA
16,3,2,NA,1,0,3,NA
8,1,2,1,1,0,3,400000
13,1,1,2,5,0,3,NA
14,4,2,8,4,0,3,558333
13,2,2,1,2,0,3,NA
13,7,1,8,12,0,3,1705833
6,4,1,6,5,0,3,NA
9,4,2,8,3,1,3,100000
4,2,1,8,5,0,3,NA
5,3,2,1,9,0,1,NA
5,4,1,NA,1,0,3,NA
13,3,1,2,9,0,3,900000
5,3,1,NA,0,0,3,NA
9,4,2,1,11,0,3,NA
1,4,2,2,8,1,3,500000
5,4,1,1,2,0,3,420000
4,7,2,8,8,0,3,400000
3,1,2,NA,1,0,3,175000
13,1,2,1,3,0,3,NA
3,4,2,2,5,1,3,499167
3,4,1,2,5,0,3,441667
10,4,1,1,3,0,3,866667
1,3,2,NA,1,0,3,NA
6,4,1,8,3,0,3,NA
13,4,2,8,3,0,3,NA
13,2,2,2,1,0,2,NA
5,4,2,8,1,0,3,198000
9,4,2,8,2,1,1,90000
13,7,1,1,5,0,3,864167
13,2,2,8,9,0,3,100000
10,4,2,NA,2,1,3,NA
10,2,1,NA,1,0,3,NA
6,7,2,NA,1,0,3,NA
8,6,1,8,0,0,3,NA
5,2,2,8,8,0,3,189000
2,2,2,NA,0,0,3,NA
2,1,2,1,2,1,3,1393333
7,7,1,8,7,0,3,357000
1,1,1,2,6,1,3,300000
3,2,1,NA,0,0,3,NA
13,4,1,8,11,0,3,400000
13,3,2,1,11,0,3,153333
7,1,2,8,8,0,3,400000
9,1,2,8,8,1,3,NA
13,3,1,NA,0,0,3,NA
1,2,1,1,9,0,3,520000
13,6,2,8,7,0,3,450000
13,2,1,8,5,0,3,NA
5,2,2,7,2,0,3,600000
5,2,1,8,4,0,3,500000
8,6,1,1,5,0,3,416667
15,1,2,1,3,0,3,NA
8,1,2,7,0,0,3,185000
13,4,1,NA,1,0,3,NA
8,2,1,1,5,0,3,NA
4,2,2,NA,1,0,2,NA
3,3,1,2,5,0,3,1050000
4,7,2,1,3,0,3,NA
10,4,1,1,6,0,3,1200000
8,1,1,8,9,0,3,NA
3,7,1,2,8,0,3,453333
13,1,2,NA,0,0,3,NA
8,4,2,2,3,0,3,NA
1,1,2,NA,0,0,3,NA
13,3,2,NA,0,1,3,NA
5,4,2,8,9,0,3,200000
14,3,2,NA,1,0,3,NA
2,2,1,1,8,1,3,1300000
4,4,2,2,5,0,2,NA
8,3,2,1,9,0,3,533000
14,4,2,8,8,1,3,480000
8,4,1,1,1,0,3,NA
2,2,1,NA,1,0,3,NA
