region,nse,sexo,ecivil,educ,pueblos_indigenas,pobreza,p9,edad,yautcor,ind_hacina
13,7,2,2,11,0,3,3,40,3513333,1
10,2,2,8,3,0,1,3,14,NA,1
11,4,2,1,5,0,3,3,52,NA,1
7,1,2,2,6,0,3,4,30,NA,1
13,7,2,8,2,0,NA,3,75,480000,1
2,1,2,6,5,0,3,4,41,120000,1
6,2,2,5,2,1,3,1,79,225000,1
2,1,2,2,2,0,3,4,41,NA,1
15,1,1,1,1,0,3,5,77,380000,1
15,2,1,8,6,0,3,6,18,400000,1
9,2,2,1,1,0,3,4,60,60000,1
16,1,1,NA,0,0,3,6,2,NA,1
5,4,2,1,3,0,3,6,59,360000,1
6,4,2,2,5,0,3,2,35,NA,1
6,4,1,1,2,0,3,2,60,400000,1
8,2,1,2,11,0,3,4,42,648333,1
5,4,2,7,4,0,3,1,84,400000,1
13,3,2,8,9,0,3,4,23,280000,1
7,4,2,1,5,0,3,3,39,NA,1
13,7,1,1,11,0,3,5,53,2500000,1
10,1,2,8,2,0,3,4,49,400000,1
12,4,2,8,8,0,3,3,24,NA,1
3,2,2,8,8,1,3,3,39,506667,1
4,6,2,2,3,0,3,6,43,NA,1
4,4,1,8,1,0,3,2,77,440000,1
6,4,2,8,3,0,3,2,16,NA,1
15,4,1,8,9,0,3,2,35,1000000,1
13,4,2,1,1,1,3,3,60,NA,1
7,4,1,1,1,0,3,2,63,350000,1
8,1,2,8,5,0,3,3,54,NA,1
13,4,1,2,5,0,3,5,32,482500,1
12,3,2,1,6,0,3,2,61,NA,1
8,1,2,8,4,0,3,1,89,3471667,1
16,2,1,NA,0,0,3,4,6,NA,1
9,3,2,1,9,0,2,2,56,NA,1
5,4,2,7,1,0,3,3,72,NA,1
6,4,2,8,1,0,3,5,86,NA,1
10,4,2,1,2,0,3,3,70,153000,1
10,1,2,8,1,0,3,3,65,NA,1
12,4,2,1,6,0,3,4,50,NA,1
8,2,1,7,11,0,3,1,75,900000,1
7,4,1,1,11,0,3,4,55,6480000,1
14,4,2,NA,1,1,2,5,10,NA,1
12,4,2,NA,0,0,3,2,6,NA,1
2,2,2,8,9,0,3,4,26,300000,1
13,1,1,NA,0,0,3,9,2,NA,1
9,4,1,NA,0,0,1,5,6,NA,2
10,1,1,2,2,0,3,5,19,NA,2
10,2,2,8,5,0,3,4,88,NA,1
14,1,2,1,5,0,3,5,49,230000,1
12,4,1,NA,2,0,3,3,13,NA,1
12,2,1,1,5,0,3,4,60,1000000,1
12,3,2,8,9,0,3,6,23,455000,1
11,6,1,8,2,0,3,2,56,NA,1
16,1,2,NA,1,0,3,4,11,NA,1
14,2,2,1,2,0,3,5,73,NA,1
6,4,2,NA,0,0,2,5,4,NA,1
8,4,2,8,3,0,3,3,15,NA,1
9,4,2,2,11,0,3,4,26,50000,1
5,4,2,2,5,0,3,5,60,856667,1
15,4,1,NA,1,1,3,5,9,NA,2
12,3,2,1,8,0,2,3,56,NA,1
7,4,2,8,5,0,3,3,45,605000,1
13,1,1,NA,0,0,3,6,5,NA,3
8,1,2,1,5,0,3,3,31,NA,1
2,1,1,NA,1,1,3,3,12,NA,1
1,1,2,2,6,1,3,7,44,4000000,1
15,2,2,8,3,0,3,7,53,200000,1
14,2,2,1,3,0,3,4,48,NA,1
5,2,1,7,5,0,3,6,65,1225000,1
8,1,2,8,6,0,3,3,36,365000,1
13,1,2,NA,0,0,2,7,6,NA,1
6,4,2,NA,0,0,3,4,6,NA,1
13,1,1,2,1,0,3,4,73,480000,1
15,1,2,8,3,1,3,3,17,NA,1
2,2,1,NA,1,0,3,4,11,NA,1
3,7,1,1,3,0,3,2,78,250000,1
9,4,1,1,1,0,3,4,67,516667,1
5,2,1,8,8,0,3,1,70,810000,1
3,2,1,2,-88,0,3,3,23,700000,1
6,4,1,1,1,0,3,3,59,420000,1
7,1,2,8,5,0,3,4,40,90000,1
15,1,2,6,3,0,3,3,65,NA,1
5,4,1,8,3,0,3,5,30,360000,2
7,2,2,NA,1,0,3,4,8,NA,1
5,1,2,1,3,0,3,4,57,510000,1
13,4,2,NA,0,0,2,3,3,NA,1
8,1,2,1,5,0,3,6,56,NA,1
15,2,1,8,5,0,3,5,30,450000,1
3,3,2,1,11,0,3,3,27,133333,1
2,2,1,8,6,0,3,7,18,NA,1
2,2,2,8,8,1,3,4,20,30000,1
14,2,2,6,2,1,3,4,59,400000,1
13,3,1,1,11,0,3,2,31,800000,1
5,2,1,1,5,0,3,3,85,850000,1
6,1,2,1,2,0,3,6,40,NA,1
9,4,2,1,9,0,3,3,69,193000,1
8,6,1,8,6,0,3,4,23,300000,1
11,6,2,2,8,1,3,4,23,500000,1
8,1,2,2,2,0,3,3,58,120000,1
16,2,2,8,11,0,3,3,30,570000,1
7,7,1,2,1,0,3,2,85,NA,1
13,2,2,8,9,0,3,3,19,NA,1
8,3,2,2,12,0,3,3,37,1200000,1
11,7,1,8,5,0,3,1,52,1025833,1
4,2,1,8,5,0,1,3,18,NA,1
4,1,1,1,1,0,3,4,69,115000,1
8,4,1,8,2,1,3,2,58,NA,1
9,2,2,1,5,0,3,3,59,NA,1
13,2,2,NA,0,0,3,3,2,NA,1
1,3,2,7,8,0,3,1,77,600000,1
6,4,2,1,0,0,3,2,88,NA,1
13,4,2,1,5,0,3,2,27,1050000,1
14,4,2,8,1,0,3,5,48,NA,2
14,2,2,7,5,0,3,1,69,350000,1
8,1,1,8,9,0,3,6,27,NA,1
13,6,2,NA,1,0,3,4,7,NA,1
6,4,1,2,1,0,3,6,26,610000,1
10,7,1,1,11,0,3,3,49,6533333,1
10,6,2,1,1,0,3,2,65,NA,1
13,3,2,NA,1,0,3,4,9,NA,1
13,2,2,8,9,0,3,3,36,NA,1
13,4,1,2,1,0,3,5,64,405833,1
13,3,2,NA,0,0,3,5,2,NA,1
16,1,2,2,11,0,3,4,27,386667,1
5,2,2,8,2,1,3,7,49,590833,1
2,3,1,5,-88,0,3,4,50,1300000,1
9,2,1,NA,1,1,3,4,8,NA,1
2,2,2,NA,1,0,3,4,10,NA,3
8,1,1,1,4,1,3,3,80,100000,1
15,1,2,NA,2,1,3,3,13,NA,2
4,1,2,8,3,0,3,6,16,NA,1
7,4,2,NA,0,0,3,4,3,NA,1
11,6,2,8,9,0,3,4,19,NA,1
13,6,2,1,5,0,3,3,65,300000,1
1,1,2,NA,0,1,3,5,3,NA,1
4,1,2,8,5,0,3,4,68,193650,1
10,1,2,8,9,0,3,4,24,NA,1
5,2,2,2,8,0,3,3,45,400000,1
3,2,1,8,3,0,3,4,25,510000,1
8,2,2,8,11,0,3,4,54,565000,1
5,3,1,1,11,0,3,3,77,4016667,1
13,3,1,2,4,0,3,3,33,604000,2
15,2,2,2,2,0,1,2,55,NA,1
5,4,1,5,2,1,3,1,67,200000,1
6,4,2,1,2,0,3,5,50,NA,2
8,3,1,2,5,0,3,4,39,1160000,1
13,1,1,1,3,0,3,6,40,450000,3
11,6,2,8,3,1,3,4,15,NA,1
5,1,2,2,6,0,3,6,53,80000,1
13,4,2,2,5,1,3,4,39,1500,1
7,4,1,8,3,0,3,2,15,100000,1
8,2,2,2,11,0,3,4,37,800000,1
5,6,2,1,5,0,2,3,50,NA,1
13,3,2,2,5,0,3,3,27,NA,1
10,3,1,1,11,0,3,4,56,2000000,1
6,4,1,1,2,0,3,5,56,303000,1
16,4,1,2,5,0,2,6,29,NA,2
14,4,2,8,2,0,3,4,14,NA,1
13,3,2,NA,0,0,3,5,1,NA,1
11,6,2,8,8,0,3,5,37,1800000,1
13,6,2,8,9,0,3,4,21,50000,1
5,4,2,1,6,0,3,4,45,620000,1
7,2,2,1,1,0,3,3,76,30000,1
8,1,1,8,-88,0,3,4,60,NA,1
16,1,1,8,1,0,3,2,62,NA,1
4,3,1,NA,2,0,3,5,12,NA,1
5,2,2,1,3,0,3,5,71,180000,1
4,4,2,NA,1,0,2,5,9,NA,2
8,2,1,2,4,0,3,4,67,NA,1
12,2,1,NA,2,0,3,4,13,NA,1
3,6,2,8,1,0,3,1,57,425000,1
13,4,2,1,1,0,3,2,69,193000,1
13,7,1,2,2,0,3,2,54,505000,1
9,4,2,NA,0,1,3,5,4,NA,1
5,3,1,NA,2,0,3,5,12,NA,1
13,7,1,1,11,0,3,3,34,1280000,1
13,3,1,NA,0,0,3,5,3,NA,1
11,4,1,2,6,1,3,3,38,1208333,1
13,1,1,8,3,0,3,5,50,350000,1
5,2,1,1,5,0,3,3,50,452083,1
3,1,1,NA,2,0,1,3,13,NA,4
13,2,2,8,3,0,3,7,15,NA,1
16,4,1,1,2,0,3,2,61,400000,1
5,4,2,6,1,0,3,1,70,NA,1
13,7,1,2,11,0,3,2,42,1115833,1
3,1,1,1,5,0,3,2,59,323333,1
16,6,2,8,11,0,3,3,32,600000,1
5,6,1,1,1,0,3,2,73,NA,1
5,2,1,2,12,0,3,2,32,1300000,1
5,4,2,8,9,0,3,3,19,NA,1
2,2,2,1,9,1,3,5,49,1800000,1
2,1,2,7,1,0,3,13,62,142000,1
4,1,2,2,1,0,3,4,50,NA,1
15,1,2,8,6,0,3,3,31,400000,1
14,1,1,NA,1,0,3,5,7,75000,1
9,1,2,NA,0,0,3,3,2,NA,1
5,6,2,6,5,0,3,2,62,370000,1
6,1,1,7,2,0,3,3,85,200000,1
6,4,2,1,5,0,3,4,58,306667,1
5,4,2,NA,0,0,3,6,3,NA,2
8,1,1,8,5,0,3,5,19,NA,1
7,7,1,1,6,0,3,3,51,400000,1
8,2,2,1,6,0,3,3,51,40000,1
4,2,2,7,0,0,3,4,93,NA,1
10,6,1,2,2,0,3,2,25,250000,1
4,4,1,NA,1,1,3,3,10,NA,1
6,2,2,8,11,0,3,1,38,1137167,1
13,4,2,1,9,0,3,3,65,290000,1
13,1,1,8,1,0,3,3,48,NA,1
13,7,1,8,5,1,3,4,23,450000,1
13,4,1,NA,0,0,3,7,4,NA,3
14,2,1,8,4,0,3,4,15,NA,1
4,7,2,8,2,0,3,3,14,NA,1
13,4,1,8,5,0,3,3,32,72000,1
12,4,1,8,8,0,3,1,46,2006667,1
8,4,1,NA,1,0,3,4,6,NA,1
2,3,2,1,1,0,3,2,42,710000,1
1,2,2,8,5,0,3,11,24,410000,2
9,2,2,8,5,0,3,3,48,1108750,1
13,6,1,NA,1,0,3,4,8,NA,1
5,1,1,8,9,0,3,2,32,891667,1
9,3,2,1,11,0,3,2,32,690000,1
14,1,2,8,5,1,3,2,63,300000,1
4,7,1,2,5,0,1,2,58,120000,1
5,6,2,1,1,0,3,6,83,NA,1
14,6,2,6,2,1,3,3,54,445000,1
10,3,2,1,5,0,3,4,60,NA,1
8,2,1,NA,0,0,3,6,6,NA,1
14,4,1,NA,1,0,3,4,10,NA,1
6,2,2,NA,1,0,3,4,12,NA,1
16,6,1,1,11,0,3,2,30,445000,1
16,1,1,1,0,0,3,3,76,200000,1
16,4,2,8,9,0,3,5,20,NA,1
10,1,2,2,3,0,3,3,48,410000,1
8,2,1,2,6,0,3,4,20,447000,1
6,4,2,8,9,0,3,4,25,70000,1
11,4,1,NA,1,1,3,3,10,NA,1
8,4,2,2,6,0,3,4,53,NA,1
2,3,2,NA,0,0,3,4,2,NA,1
7,1,2,1,1,0,3,2,60,NA,1
8,7,1,NA,0,0,3,4,3,NA,1
13,2,1,2,5,0,3,5,33,200000,1
10,2,1,8,10,1,3,2,42,600000,1
5,6,2,1,5,0,3,2,89,950000,1
14,2,2,5,1,0,3,1,80,NA,1
1,1,1,7,0,1,3,7,98,190000,1
16,7,1,8,8,0,3,3,25,343333,1
5,1,1,2,5,0,3,3,49,400000,1
5,6,1,NA,0,0,3,4,1,NA,1
2,1,1,NA,0,1,2,6,0,NA,2
14,3,1,7,2,0,3,4,84,360000,1
15,1,2,2,5,1,3,6,22,NA,1
13,4,2,NA,1,0,3,5,8,NA,1
16,4,1,1,5,0,3,3,26,350000,1
8,7,1,8,11,0,3,3,29,804167,1
9,4,2,8,3,0,3,1,75,NA,1
1,1,1,8,5,1,3,4,18,NA,1
7,4,2,8,1,0,3,3,63,430000,1
10,4,2,8,1,0,NA,2,73,1100000,1
5,2,1,NA,1,0,3,5,11,NA,1
13,7,1,8,9,0,3,4,21,355000,1
5,4,2,1,0,0,3,3,59,193197,1
13,3,1,8,9,0,3,3,23,NA,1
13,2,1,8,5,1,3,5,25,456667,1
9,6,2,7,5,1,3,3,67,360000,1
12,4,1,8,6,0,3,3,44,800000,1
5,4,2,1,5,1,3,4,44,490000,1
7,2,1,8,9,0,3,2,23,19000,1
2,4,1,2,5,0,3,2,53,695833,1
13,6,2,7,3,0,3,3,90,500000,1
7,7,1,7,3,0,3,4,66,80000,1
7,7,2,5,1,0,3,1,53,100000,1
13,7,2,8,11,0,3,5,28,NA,1
13,6,1,2,11,0,3,2,31,712500,1
4,2,1,8,3,0,3,5,17,NA,1
14,4,2,1,7,0,3,3,47,NA,1
8,2,1,2,11,0,3,8,37,575000,2
13,6,2,2,10,0,3,2,23,845000,1
16,2,1,1,1,0,3,5,82,337000,1
14,4,2,NA,1,1,3,5,13,NA,2
10,4,1,1,5,0,3,3,27,400000,1
3,2,1,8,9,0,2,5,21,NA,1
15,2,1,8,6,0,3,3,25,NA,1
8,1,1,2,3,1,3,2,70,280000,1
5,4,2,8,5,0,3,4,30,240000,1
6,4,2,8,11,0,3,3,59,1705833,1
5,3,2,2,9,0,3,3,37,NA,1
4,4,2,6,5,0,3,1,67,NA,1
13,1,1,NA,0,0,3,5,1,NA,1
4,1,2,8,4,0,3,4,17,NA,1
11,4,1,1,5,0,3,4,56,750750,1
13,2,1,7,5,0,3,4,38,1051666,1
13,7,2,2,7,0,3,2,26,500000,1
13,7,2,2,8,0,3,6,35,1000000,1
5,1,2,8,11,0,3,4,22,NA,1
12,4,2,2,11,0,3,3,30,1230000,1
4,4,2,NA,0,0,3,3,4,NA,1
13,4,2,5,2,0,3,2,63,NA,1
8,4,1,8,2,0,1,3,15,30000,1
8,4,2,7,3,0,3,3,70,80000,1
5,1,2,1,2,0,3,1,57,400000,1
9,4,1,7,2,1,2,3,60,NA,1
9,4,1,1,5,0,3,3,41,1500000,1
13,7,1,NA,1,0,3,4,7,NA,1
13,7,2,8,5,0,3,4,19,NA,1
1,2,1,8,2,0,3,5,66,180000,1
5,6,1,NA,0,0,3,5,3,NA,1
5,3,1,1,11,0,3,4,60,931667,1
3,2,2,8,1,0,3,4,60,NA,1
5,2,2,8,2,0,3,4,14,NA,1
2,2,2,7,1,0,3,5,67,200000,1
2,1,2,7,2,0,3,3,80,NA,1
5,4,1,NA,0,0,3,3,6,NA,1
9,7,2,1,3,0,3,2,78,NA,1
9,4,1,2,6,1,3,3,30,540000,1
14,2,2,7,1,0,3,3,84,200000,1
8,2,2,8,0,0,3,8,46,NA,1
13,4,1,1,2,0,3,7,56,100000,1
6,4,2,1,2,0,3,2,78,180000,1
8,2,2,8,9,0,1,4,23,NA,1
8,4,2,1,2,0,3,6,30,300000,1
9,3,2,2,11,0,3,3,42,1900000,1
12,3,1,6,1,0,3,2,62,450000,1
13,4,1,NA,0,1,3,5,3,NA,2
16,2,2,1,1,0,3,3,44,466500,1
13,1,1,2,3,0,2,4,56,404167,1
6,4,1,8,2,0,3,3,52,500000,1
7,7,2,8,1,0,3,2,64,450000,1
13,2,2,7,5,0,3,2,84,216000,1
5,1,1,8,5,0,3,3,19,NA,1
12,4,2,7,3,0,3,1,85,NA,1
2,6,1,NA,0,0,1,5,6,NA,2
13,2,2,NA,0,0,3,4,4,NA,1
6,2,1,NA,1,0,3,3,9,30000,1
10,3,2,1,5,0,1,5,50,NA,1
5,2,1,1,-88,0,3,5,46,410000,1
1,4,1,8,6,0,3,5,23,400000,1
7,7,2,1,5,0,3,3,58,NA,1
7,2,2,1,6,0,3,3,61,146000,1
8,2,2,NA,0,0,3,8,4,NA,1
5,4,2,2,5,0,2,7,33,NA,1
9,1,1,1,11,0,3,4,40,NA,3
5,3,1,8,11,0,3,4,50,683209,1
12,4,2,NA,0,1,2,4,1,NA,1
3,2,1,1,5,1,3,5,65,500000,1
3,2,1,2,5,0,3,4,41,700000,1
13,4,1,NA,1,0,3,4,8,NA,1
13,4,2,NA,1,1,3,5,11,NA,1
5,2,1,8,5,0,3,5,18,NA,1
2,1,2,NA,0,0,3,8,8,NA,3
6,4,2,8,5,0,3,2,18,NA,1
5,4,1,1,2,0,3,2,66,79580,1
4,1,1,NA,0,0,1,3,2,NA,2
13,4,1,NA,1,0,2,4,11,NA,1
6,1,2,8,2,0,1,4,42,80000,1
14,4,2,NA,0,0,3,6,6,NA,1
15,1,2,5,2,0,3,6,55,120000,2
13,2,1,5,5,0,3,3,63,NA,1
14,4,2,1,1,0,2,3,58,NA,1
6,4,2,3,1,0,3,2,69,NA,1
2,1,1,8,5,0,3,7,19,NA,1
8,2,1,7,1,0,3,5,78,NA,1
4,1,1,8,5,0,3,2,58,600000,1
3,1,1,8,3,0,3,4,15,NA,1
5,6,2,8,9,0,3,3,22,NA,1
4,3,1,NA,0,0,3,4,3,NA,1
13,2,1,5,3,0,3,5,40,430000,1
13,1,2,1,1,0,3,2,80,NA,1
8,4,1,1,3,0,3,2,73,150000,1
16,4,2,2,5,0,3,4,42,590000,1
10,4,2,8,0,0,3,4,42,NA,1
13,2,1,2,6,0,3,4,39,736667,1
14,1,1,1,3,0,3,4,57,646000,1
13,6,2,8,5,0,3,3,56,NA,1
9,4,1,1,1,1,3,4,60,422500,1
12,4,2,1,1,0,3,2,58,500000,1
15,1,2,8,11,0,3,5,28,NA,1
10,6,1,8,1,0,3,2,52,130000,1
7,2,2,1,3,0,3,2,56,NA,1
13,4,1,NA,0,0,3,4,5,100000,1
9,4,2,NA,1,1,3,3,11,NA,1
7,4,2,6,5,0,3,4,41,150000,1
7,1,1,1,2,0,3,2,78,350000,1
15,1,2,8,8,0,3,3,56,NA,1
16,6,1,2,3,0,3,4,36,500000,3
2,6,1,2,5,0,3,2,52,30000,1
10,4,2,8,5,0,3,4,19,NA,1
9,6,1,8,9,1,3,4,21,60000,1
6,4,1,8,5,0,3,3,32,1800000,1
5,4,2,6,8,0,3,3,50,NA,1
3,1,2,2,5,0,2,3,37,400000,1
15,3,2,8,5,0,3,3,62,NA,1
16,3,2,1,11,0,3,4,57,500000,1
8,3,1,2,10,0,3,2,33,1480000,1
9,1,2,8,8,0,3,1,38,585833,1
7,4,1,8,3,0,3,3,17,100000,1
14,2,1,NA,1,0,3,3,8,140000,1
8,4,2,7,2,0,3,1,72,100000,1
5,4,2,8,3,0,3,3,58,NA,1
13,2,1,8,5,0,3,6,25,400000,1
8,7,2,8,5,1,3,4,16,NA,1
13,1,1,8,6,0,3,6,19,600000,1
6,2,2,4,0,0,3,3,70,60000,1
16,7,2,8,3,0,3,3,16,NA,1
13,6,2,8,5,0,3,2,36,500000,1
12,4,2,8,11,0,3,1,43,600000,1
13,2,2,NA,1,0,3,4,13,100000,1
6,6,1,1,3,1,3,4,53,400000,1
13,4,1,2,5,0,3,3,28,550000,1
3,4,2,8,8,1,3,6,34,723417,1
13,1,1,8,5,0,3,3,47,652917,1
16,3,2,1,12,0,3,4,65,500000,1
14,1,2,8,3,1,3,3,14,NA,1
1,2,2,7,1,1,3,6,89,200000,1
7,1,2,1,1,0,3,3,53,300000,1
5,2,1,2,5,0,2,5,29,400000,1
7,3,1,8,5,0,3,7,32,NA,3
3,1,2,NA,1,0,3,4,7,NA,1
14,2,2,8,5,0,3,1,36,550000,1
10,1,2,2,5,1,3,3,28,400000,1
7,1,2,NA,1,0,3,5,5,NA,1
2,1,1,8,5,0,3,5,18,50000,2
8,4,2,2,1,0,3,2,41,400000,1
8,4,1,8,5,0,3,4,18,NA,1
13,4,1,8,6,0,3,4,19,NA,1
6,4,1,8,1,0,3,7,61,410000,1
5,2,2,NA,0,0,3,6,3,NA,1
6,7,2,8,5,0,3,1,30,NA,1
5,4,1,5,5,0,3,1,64,590000,1
9,3,1,8,11,0,3,2,32,NA,1
3,6,1,2,8,0,3,2,29,725000,1
8,1,2,8,1,0,3,2,47,140000,1
13,7,1,2,8,0,3,2,24,900000,1
10,4,2,1,5,0,3,2,64,NA,1
10,6,2,2,8,0,3,3,24,NA,1
5,4,1,8,3,0,3,4,16,NA,1
12,6,2,8,11,0,3,2,28,1480000,1
7,7,1,NA,0,0,3,5,6,NA,1
16,2,1,8,2,0,3,2,70,NA,1
13,6,1,8,5,0,3,4,30,200000,1
5,1,1,1,3,0,3,2,64,330000,1
5,4,1,4,3,0,3,1,29,916667,1
7,1,2,NA,0,0,3,3,2,NA,2
13,4,2,NA,0,0,3,4,1,NA,1
7,2,1,1,2,0,3,4,52,885000,1
4,4,2,8,5,0,3,2,18,80000,1
16,1,1,8,8,0,3,4,22,400000,1
7,1,2,5,5,0,3,3,50,404167,1
12,3,2,8,3,0,3,4,15,NA,1
8,4,1,8,3,0,3,6,15,75000,1
5,1,1,2,3,1,3,2,47,550000,1
2,1,1,2,6,0,3,4,39,1416667,1
6,2,2,7,0,0,3,6,90,300000,1
13,7,1,NA,1,0,2,4,10,NA,1
14,7,1,1,2,0,3,2,62,700000,1
1,2,1,2,1,1,3,2,77,350000,1
5,2,1,8,6,0,3,4,23,408333,1
4,4,2,7,1,0,3,1,65,250000,1
13,4,1,NA,1,0,3,6,7,NA,2
12,3,2,6,5,0,3,1,66,660000,1
1,7,1,NA,0,0,3,3,0,NA,1
3,7,2,NA,1,0,1,6,10,NA,2
4,1,1,8,3,0,1,2,14,NA,1
10,6,2,8,6,1,3,3,30,60000,1
12,6,2,8,2,1,3,5,14,NA,1
8,2,2,1,11,0,3,3,37,900000,1
9,1,1,2,5,0,3,4,34,603333,1
10,4,2,8,9,0,3,5,23,586667,1
14,4,2,NA,1,1,3,7,9,NA,1
13,3,1,8,2,1,3,5,15,NA,1
6,2,1,8,4,0,3,4,16,NA,1
13,3,2,NA,0,0,3,5,2,NA,1
8,2,2,5,0,0,3,1,77,100000,1
8,2,1,NA,1,0,3,4,6,NA,1
12,3,2,1,11,0,3,4,33,1000000,1
8,3,2,5,2,0,3,2,71,NA,1
3,2,2,8,5,1,3,3,19,250000,1
5,4,2,8,3,0,3,5,64,180000,1
8,3,1,8,3,0,3,4,17,NA,1
1,1,2,NA,0,0,3,4,3,200000,1
12,4,1,1,6,0,3,6,39,800000,1
5,1,1,8,5,0,3,5,29,319000,1
15,1,1,NA,0,0,3,5,2,NA,1
5,3,1,2,11,0,3,2,40,725000,1
5,3,2,1,12,0,3,1,57,1390917,1
9,2,1,8,5,0,3,4,18,200000,1
2,2,2,1,3,1,3,2,62,NA,1
5,6,1,1,-88,0,3,2,94,157000,1
13,4,2,7,0,0,3,2,79,NA,1
6,2,1,8,2,0,3,2,58,NA,1
10,2,2,8,0,0,3,1,56,480000,1
14,1,1,1,3,0,2,7,36,350000,1
7,7,1,1,2,0,3,3,51,900000,1
11,7,1,1,11,1,3,3,54,1600000,1
7,4,1,8,2,0,3,3,17,NA,1
3,2,2,2,6,0,3,2,56,706667,1
13,6,2,8,7,0,3,2,32,570000,1
13,4,2,7,3,0,2,1,56,150000,1
13,3,2,8,3,1,NA,5,53,945000,1
10,2,2,1,5,0,3,2,52,NA,1
8,2,2,8,3,0,3,4,15,NA,1
8,4,1,NA,1,0,3,5,7,NA,1
9,1,1,1,6,0,3,4,50,500000,1
13,1,1,8,9,0,3,3,25,800000,1
13,3,2,7,3,0,3,2,75,NA,1
5,2,2,2,11,0,3,2,40,1000000,1
15,1,2,NA,0,1,3,8,3,NA,2
13,1,2,5,5,0,3,4,59,278000,1
5,2,2,8,7,0,3,4,20,NA,1
8,6,1,1,1,0,3,3,59,400000,1
14,3,1,1,11,0,3,4,51,2000000,1
16,1,2,8,4,0,3,4,17,NA,1
8,1,2,NA,1,0,3,3,11,NA,1
12,4,1,NA,2,0,3,4,13,NA,1
15,2,2,8,11,1,3,2,40,1502917,1
6,4,1,1,5,0,3,4,59,306667,1
9,1,2,1,1,0,3,4,65,NA,1
4,4,1,8,5,0,3,3,28,NA,1
5,2,1,1,11,0,3,4,67,645000,1
2,1,2,2,7,0,2,4,27,NA,1
14,3,2,2,11,1,3,4,34,674167,1
3,7,2,1,6,1,3,2,41,525000,1
1,2,1,8,3,0,3,5,14,NA,1
15,3,2,1,8,0,3,5,28,NA,2
4,1,1,2,9,0,3,2,34,NA,1
8,2,2,5,5,0,3,2,58,NA,1
7,7,2,NA,0,0,2,4,2,NA,1
8,6,2,7,1,0,3,2,90,220000,1
2,1,1,8,6,1,3,3,34,700000,1
12,4,2,1,5,0,3,3,58,310000,1
9,2,2,1,6,0,3,3,56,NA,1
13,2,1,1,3,0,3,3,30,381919,1
13,1,2,2,3,0,3,12,31,206000,2
9,1,1,5,5,0,3,1,67,1510001,1
6,2,1,1,12,0,3,3,69,3000000,1
4,1,2,7,3,0,3,1,72,166000,1
13,2,2,8,11,0,3,2,27,1096667,1
5,6,2,1,5,0,3,3,58,NA,1
16,6,2,8,9,0,3,3,20,80000,1
10,4,1,1,2,0,3,4,65,400000,1
11,6,1,1,5,0,3,1,68,1336667,1
8,1,1,1,2,0,3,3,56,NA,1
10,6,1,8,11,1,3,7,42,550000,1
7,4,2,2,11,0,3,3,62,233000,1
8,4,1,1,1,0,3,3,66,15000,1
2,1,1,8,5,0,1,10,21,NA,1
1,1,1,2,5,0,3,5,30,NA,1
1,2,2,7,2,0,1,2,76,NA,1
1,7,2,2,5,1,1,5,35,200000,2
5,1,2,7,2,0,3,6,73,NA,1
5,4,2,NA,1,0,3,11,8,150000,1
13,3,1,8,9,0,3,3,19,NA,1
8,2,2,8,10,0,3,3,30,1188313,1
8,3,1,NA,1,0,3,4,11,NA,1
9,4,2,1,1,1,3,2,65,NA,1
13,1,2,NA,1,0,3,5,13,NA,1
10,2,1,8,1,0,3,3,14,NA,1
7,3,1,8,11,0,3,2,34,2574417,1
9,7,2,1,11,0,3,4,69,250000,1
13,2,2,2,9,0,3,2,48,612500,1
2,2,1,2,2,0,1,6,45,NA,2
16,3,2,1,8,0,3,4,34,185000,1
5,3,2,8,9,0,3,4,24,300000,1
14,1,2,1,3,0,3,8,61,94000,1
6,4,1,5,1,0,3,1,47,320000,1
13,2,1,NA,1,0,3,4,12,NA,1
15,2,2,NA,0,1,3,5,4,NA,1
3,2,2,8,9,0,2,2,24,NA,1
5,6,2,1,6,0,3,4,50,385667,1
10,3,2,NA,0,1,3,4,4,NA,1
6,6,2,6,5,0,3,3,48,580000,1
13,1,2,NA,0,0,3,5,0,NA,1
2,1,1,NA,2,1,3,6,13,NA,1
16,1,1,1,1,0,3,3,59,193935,1
7,1,1,8,0,0,3,2,53,270000,1
5,3,2,NA,1,0,3,5,8,NA,1
6,2,2,8,5,0,3,5,53,NA,2
3,4,1,2,-88,0,3,2,56,NA,1
12,4,2,7,1,0,3,1,77,NA,1
4,4,1,7,0,0,3,2,76,NA,1
1,7,1,1,11,0,3,2,61,650000,1
6,3,1,NA,0,0,3,4,4,NA,1
6,2,2,6,1,0,3,5,81,NA,1
8,7,2,8,5,0,3,3,47,353333,1
13,4,2,2,2,1,3,5,38,NA,2
14,4,1,1,5,1,3,2,65,195000,1
10,4,1,8,1,0,3,1,78,200000,1
8,4,2,NA,1,0,3,5,8,NA,1
10,2,1,8,1,1,3,5,66,258000,1
14,2,1,1,8,0,3,3,72,467000,1
6,4,2,2,3,0,3,3,58,803333,1
16,1,2,1,1,0,3,2,70,190000,1
16,1,2,1,5,0,3,2,70,43000,1
9,6,2,1,8,1,3,3,30,317000,2
5,6,1,1,5,0,3,4,37,500000,1
13,4,1,1,5,0,3,8,82,280000,1
10,1,1,1,-88,0,3,3,50,512167,1
10,3,2,NA,0,0,3,5,1,NA,1
16,1,1,1,5,0,3,2,63,400000,1
13,3,2,8,2,0,3,4,14,NA,1
6,4,2,NA,0,0,3,4,4,NA,3
13,2,2,2,2,0,3,2,75,100000,1
4,1,1,8,9,0,3,3,18,NA,1
10,6,2,1,1,0,3,3,74,NA,1
13,3,2,1,11,0,3,2,31,1355000,1
10,6,1,1,9,1,3,4,29,NA,1
7,4,2,1,5,0,3,3,67,120000,1
3,1,2,8,3,0,3,14,17,NA,2
10,2,1,2,2,0,3,3,64,390000,1
16,7,1,NA,0,0,3,3,6,NA,1
5,2,1,8,11,0,3,2,32,1001667,1
13,4,2,6,5,0,3,6,39,400000,1
5,2,1,2,5,0,3,2,45,427333,1
6,6,2,2,5,0,3,6,50,360000,1
1,7,2,8,9,0,3,4,45,400000,1
14,4,1,1,2,0,3,2,75,99083,1
13,2,1,NA,0,0,3,3,5,NA,1
8,1,2,7,1,0,3,2,80,NA,1
7,4,1,8,1,0,3,6,14,NA,1
7,4,2,NA,0,0,3,7,5,NA,3
7,6,2,6,1,0,3,1,76,NA,1
13,6,2,8,3,0,3,4,15,NA,1
8,4,2,1,2,1,3,4,48,85000,1
5,3,2,7,3,0,3,1,66,540000,1
9,4,1,NA,1,0,3,3,7,NA,1
8,4,2,8,5,0,3,5,23,400000,1
7,1,1,2,6,0,3,2,32,390000,1
1,1,1,8,3,0,3,4,43,50000,1
7,4,1,8,2,0,3,3,66,520000,1
9,1,1,8,7,0,3,3,24,20000,1
13,6,2,7,1,0,3,3,64,241000,1
13,4,1,8,2,0,3,5,22,410000,2
8,1,2,1,3,0,3,3,66,500000,1
2,2,1,8,3,0,3,4,14,NA,1
10,3,1,2,5,0,3,3,46,782500,1
13,3,1,8,9,0,3,5,24,1000000,1
6,4,2,1,5,0,3,4,59,400000,1
13,3,1,1,11,0,3,4,52,2000000,1
4,2,1,1,11,0,3,4,42,1704667,1
14,2,1,8,3,0,3,4,15,NA,1
15,1,1,8,6,0,3,3,18,400000,1
10,1,1,8,6,0,3,1,30,504750,1
4,1,1,2,3,0,3,4,62,420000,1
15,2,1,8,9,0,3,7,22,NA,1
2,2,1,NA,0,0,3,4,5,NA,1
13,7,1,NA,0,1,3,7,1,NA,1
8,3,1,8,3,0,3,3,15,NA,1
8,7,2,2,11,0,3,3,29,NA,1
3,4,1,1,5,0,3,4,58,1610000,1
10,1,2,1,5,0,3,3,31,410000,1
13,7,2,8,3,0,3,6,14,70000,1
16,2,1,8,3,0,3,2,15,NA,1
13,3,2,2,11,0,3,4,25,858333,1
8,2,1,7,1,0,3,1,72,356900,1
13,2,2,2,5,0,3,4,51,809167,1
8,1,1,1,1,0,3,3,88,97833,1
5,6,1,1,2,0,3,2,79,NA,1
14,3,1,2,11,0,3,4,48,3006250,1
5,1,2,2,1,0,3,3,48,NA,1
7,4,2,1,1,0,3,3,49,200000,1
5,3,2,1,9,0,3,4,36,NA,1
13,1,2,1,1,0,3,2,80,NA,1
4,1,1,5,-88,0,3,3,59,400000,1
6,4,2,1,5,0,3,3,49,NA,1
10,2,2,1,5,0,3,4,58,NA,1
8,4,2,8,3,0,3,7,15,NA,1
13,4,1,1,1,0,3,4,68,7500,1
14,4,1,8,9,0,3,3,24,80000,1
3,6,2,2,9,0,3,3,33,1500000,1
1,5,1,2,4,0,3,2,60,NA,1
5,2,1,2,9,0,3,5,46,982500,1
15,2,2,8,7,1,3,5,20,NA,1
14,2,1,1,0,0,3,3,54,422500,1
10,4,1,8,2,0,1,1,54,50000,1
3,1,1,NA,1,0,3,7,8,NA,1
8,4,2,7,1,0,3,1,85,190000,1
8,6,1,8,9,0,3,4,21,NA,1
13,1,1,8,6,0,3,5,20,479167,1
13,2,2,2,11,1,3,4,32,250000,1
8,2,1,8,3,0,3,5,18,NA,1
6,6,2,1,9,0,3,3,66,218000,1
13,7,1,8,11,0,3,1,35,1320000,1
13,7,2,NA,1,0,3,5,8,NA,2
5,4,2,7,2,0,3,1,84,NA,1
12,4,1,NA,0,0,3,6,6,NA,2
3,1,2,NA,0,1,3,4,4,NA,1
6,4,1,1,1,0,3,3,83,6244167,1
13,3,1,8,9,0,3,4,24,500000,1
4,1,2,1,3,0,2,2,64,NA,1
10,1,2,8,5,0,3,1,53,600000,1
6,4,1,8,5,0,3,4,27,NA,1
1,2,2,8,9,0,3,4,50,364000,1
8,1,2,NA,0,1,3,4,2,NA,1
5,2,2,8,3,0,3,5,15,NA,1
16,6,1,1,8,0,3,3,54,882083,1
8,2,2,8,2,0,3,3,42,470000,1
14,4,1,1,2,1,3,4,28,550000,1
13,2,1,1,11,0,3,4,42,3500000,1
6,4,2,8,6,0,3,3,22,NA,1
13,7,2,8,5,0,3,4,28,NA,1
4,2,2,8,3,0,3,1,55,550000,1
13,1,2,1,6,0,3,5,42,586834,2
5,1,1,1,6,0,3,4,67,500000,1
14,6,1,8,2,0,3,2,40,240000,1
13,7,1,1,9,0,3,4,49,1498333,1
11,2,1,8,9,1,3,4,22,NA,1
16,2,1,NA,0,0,3,5,3,NA,1
7,7,1,7,3,0,3,3,86,133000,2
16,1,2,NA,1,0,3,4,6,NA,1
5,4,1,8,3,0,3,2,15,NA,1
5,6,2,NA,1,0,2,3,9,40000,1
13,4,1,2,5,0,3,3,37,468333,1
9,1,1,1,2,0,3,2,72,NA,1
12,6,1,1,8,0,3,2,74,300000,1
13,3,2,8,9,0,3,2,46,600000,-88
13,4,1,NA,0,0,3,3,0,NA,1
6,4,2,5,5,0,2,3,38,150000,1
16,6,1,8,2,0,3,3,31,450000,1
13,1,2,8,9,1,3,4,25,504167,1
2,3,2,1,5,0,3,4,42,NA,1
5,2,2,8,3,0,3,4,16,40000,1
7,3,1,2,11,0,3,3,48,1668333,1
5,4,2,8,5,0,3,2,39,710000,1
5,4,2,7,3,0,3,5,60,400000,1
10,4,1,2,2,0,3,2,58,497500,1
8,7,2,5,2,0,3,1,64,100000,1
1,4,2,1,5,0,3,4,45,180000,1
9,4,1,NA,1,0,3,4,12,NA,1
7,4,2,1,5,0,3,4,38,200000,1
14,2,2,1,4,0,3,3,73,161000,1
13,4,2,NA,1,1,3,3,13,NA,1
4,4,1,2,2,1,3,3,61,266167,1
15,2,2,7,3,1,3,4,56,510000,1
7,2,1,1,3,0,3,5,58,406833,1
7,2,2,8,5,0,3,2,53,400000,1
7,4,1,8,3,1,3,5,15,NA,1
4,4,1,1,2,0,3,5,68,500000,1
3,4,1,1,1,0,3,2,52,400000,1
13,6,1,8,11,0,3,5,30,616667,1
14,1,2,2,5,0,3,5,24,100000,1
5,1,1,NA,0,0,3,4,1,NA,1
13,4,1,1,11,0,3,4,72,450000,1
5,4,2,NA,0,0,3,3,5,50000,1
5,4,2,NA,0,0,3,5,0,NA,2
3,2,1,2,8,0,3,3,26,750000,1
7,2,2,NA,1,0,2,4,6,NA,1
10,4,2,1,2,0,3,3,46,8333,1
9,1,1,NA,0,1,3,7,1,NA,1
10,3,2,NA,0,0,3,4,2,NA,1
14,1,2,NA,0,0,3,5,0,NA,1
13,2,2,1,2,0,3,5,70,NA,1
6,7,1,NA,1,0,3,4,12,NA,1
9,4,2,NA,0,1,3,4,4,30000,1
1,2,1,NA,1,1,3,3,10,NA,2
6,1,2,8,6,0,3,6,25,100000,1
6,3,2,7,3,0,3,3,75,NA,1
13,4,2,8,11,0,3,3,29,201667,2
1,1,2,2,3,0,2,4,24,230000,1
8,7,1,8,3,0,3,2,42,NA,1
13,7,1,NA,0,0,3,5,5,NA,1
13,4,2,2,4,0,2,4,22,NA,1
8,1,1,8,5,0,3,7,25,400000,1
16,4,1,8,-88,0,3,4,44,300000,1
8,1,1,2,2,0,3,4,51,803333,1
6,2,2,8,9,0,3,4,20,NA,1
13,6,1,NA,0,0,3,4,3,NA,1
12,6,1,8,6,1,3,4,31,450000,1
9,6,2,2,11,0,3,3,25,NA,1
6,2,2,1,5,0,3,4,50,NA,1
13,1,2,8,11,0,3,2,36,1124000,1
7,2,2,8,5,0,3,4,20,NA,1
6,3,2,2,9,0,3,4,28,563333,1
2,2,1,8,9,0,3,9,22,NA,1
13,2,1,2,4,0,3,4,41,800000,1
8,1,2,8,5,0,3,4,17,NA,1
16,4,1,NA,1,0,3,3,12,NA,1
2,6,2,NA,1,0,3,4,12,NA,1
7,4,1,1,2,0,3,6,57,500000,1
13,1,1,8,5,0,3,3,70,NA,2
11,6,1,8,1,1,3,1,74,NA,1
8,4,2,NA,1,0,3,6,9,NA,1
13,3,1,NA,1,0,3,17,7,NA,2
2,4,1,NA,1,0,3,4,11,NA,1
13,1,2,NA,0,0,3,6,1,NA,1
6,7,1,1,3,0,3,2,69,521624,1
13,1,2,8,6,0,3,4,18,NA,1
6,6,1,6,3,0,3,1,68,200000,1
5,7,2,8,7,0,3,3,21,NA,1
5,6,1,6,2,0,3,2,59,200000,1
7,4,1,1,5,0,3,3,90,108500,1
1,2,1,8,5,1,3,6,21,760000,1
6,2,2,7,1,1,3,1,55,230000,1
1,3,1,8,6,0,3,3,35,1016667,1
15,2,1,1,5,1,2,5,40,200000,2
8,4,2,2,11,0,3,3,28,707500,1
8,6,1,8,3,0,3,5,16,NA,1
8,4,2,8,7,0,3,3,30,463333,1
10,4,2,7,1,0,3,3,86,199000,1
4,2,2,6,11,0,3,3,31,650000,1
7,1,2,8,1,1,3,3,59,6667,1
11,6,1,2,3,0,3,2,53,600000,1
5,6,2,8,5,0,3,6,16,NA,1
16,4,1,2,3,1,3,3,44,450000,1
6,1,1,1,1,0,3,2,64,400000,1
8,1,1,8,9,0,3,4,26,700000,1
12,4,2,1,5,1,3,5,46,200000,1
16,6,2,8,3,0,3,4,17,NA,1
13,3,1,8,7,0,3,3,23,NA,1
13,4,2,8,6,0,3,4,37,360000,1
6,1,2,1,1,0,3,3,58,NA,1
9,1,1,2,5,0,3,3,45,700000,1
10,2,1,1,5,0,3,5,39,452500,2
6,4,2,2,5,0,3,10,20,150139,4
10,4,1,8,1,1,3,4,70,NA,1
8,4,2,7,0,0,3,1,75,NA,1
9,4,2,1,3,0,3,3,70,192000,1
4,1,2,8,1,0,3,5,60,220000,2
14,6,1,NA,1,0,3,4,9,NA,1
2,6,1,8,11,1,3,1,34,1255000,1
5,2,2,1,9,0,3,4,59,NA,1
3,2,1,8,8,0,3,1,50,508334,1
6,7,1,1,1,0,3,4,65,300000,1
13,4,1,1,5,0,3,5,73,400000,1
8,7,1,NA,0,0,3,7,5,NA,1
13,7,1,2,9,0,3,2,38,1800000,1
14,2,2,1,3,0,3,5,50,240000,1
13,3,1,1,11,0,3,2,38,NA,1
13,1,2,2,1,0,3,2,52,100000,1
16,1,1,8,5,0,3,4,31,400000,1
10,2,2,8,1,0,3,2,53,NA,1
5,4,2,5,6,0,3,4,51,495000,1
7,7,1,8,3,0,3,4,16,NA,1
13,4,1,2,5,0,3,6,31,500000,1
14,4,2,NA,1,1,3,5,9,NA,2
13,4,2,NA,1,0,3,4,8,NA,1
9,4,1,1,2,1,3,6,43,400000,2
14,4,2,NA,1,0,3,2,9,NA,1
13,7,2,2,1,0,3,5,66,60000,1
13,4,2,5,5,0,3,5,57,245000,1
16,1,1,1,1,0,3,2,74,192000,1
1,4,1,NA,0,1,3,5,4,NA,1
16,2,1,1,6,0,3,3,31,410000,1
11,6,1,NA,1,1,3,4,8,60000,1
13,4,1,8,1,0,3,5,56,100000,1
13,6,2,1,5,0,3,3,59,193000,1
10,1,2,8,3,1,3,7,20,NA,1
13,6,2,1,8,0,3,5,36,600000,2
13,7,1,7,9,0,3,1,83,395837,1
15,1,2,2,5,0,3,7,21,690000,1
5,1,2,7,0,0,3,7,75,170743,1
8,7,2,NA,0,1,3,5,1,NA,1
8,2,2,1,1,0,1,5,56,NA,1
9,1,2,8,1,1,2,2,58,NA,1
12,6,2,8,3,1,3,4,16,NA,1
5,6,1,1,5,0,3,2,82,600000,1
9,1,2,8,4,1,3,4,65,40000,1
5,2,2,8,9,0,3,4,22,328333,1
12,4,1,8,5,0,3,3,30,510000,1
6,7,2,6,8,0,3,2,67,736666,1
8,1,1,NA,1,0,3,7,10,NA,1
2,2,2,6,3,0,3,4,44,NA,1
8,1,2,1,3,0,3,2,79,NA,1
10,2,2,8,11,0,3,7,33,NA,1
5,3,1,1,11,0,3,4,58,2680000,1
16,3,1,1,6,0,3,2,64,433750,1
14,4,2,8,8,1,3,5,27,370000,1
5,2,1,1,1,0,3,4,64,330000,1
8,2,2,8,5,0,3,2,34,389166,1
7,1,2,7,1,0,3,5,83,NA,1
7,2,2,2,5,0,3,4,40,550000,1
13,2,1,1,5,0,3,4,52,720000,1
8,4,2,NA,0,0,1,5,0,NA,4
9,7,2,1,7,1,3,4,28,515000,1
13,4,2,8,5,0,3,9,63,NA,1
7,4,1,5,1,0,3,1,70,150000,1
11,4,2,NA,0,1,3,3,2,NA,1
14,4,1,2,5,1,3,4,28,130000,1
13,4,2,7,1,1,3,3,72,NA,1
16,1,2,8,9,0,3,4,20,NA,1
4,1,1,1,3,0,3,5,62,NA,1
5,2,1,NA,1,0,3,3,10,NA,1
9,7,2,8,1,0,3,4,77,170000,1
5,2,2,8,2,0,3,8,43,NA,1
7,4,2,1,1,0,3,3,63,NA,1
2,2,2,8,9,0,3,4,19,NA,1
13,6,1,NA,1,1,3,3,13,NA,1
5,2,1,NA,1,0,3,2,11,NA,1
4,1,1,NA,1,0,3,4,8,NA,1
9,4,2,1,5,0,3,2,53,15000,1
8,4,1,1,5,0,3,3,46,NA,1
7,4,2,8,5,0,3,3,33,410000,1
3,1,2,1,5,0,3,2,66,740000,1
10,4,1,8,2,1,3,2,55,NA,1
9,6,2,8,6,0,3,1,66,225299,1
4,4,2,2,11,1,3,3,31,180000,1
13,3,2,8,9,0,3,2,19,250000,1
16,4,2,8,3,0,3,8,15,NA,1
7,7,2,1,3,0,3,5,73,NA,1
3,1,2,NA,1,0,3,4,8,NA,1
9,4,2,2,5,0,3,3,36,365250,1
13,1,2,5,1,0,3,1,64,NA,1
14,4,2,8,3,0,3,5,17,NA,1
7,7,2,8,6,0,3,4,22,NA,1
13,3,1,1,2,0,3,2,48,742167,1
14,4,1,1,1,0,3,3,70,NA,1
13,6,1,8,9,0,3,2,18,900000,1
7,1,2,1,11,0,3,2,61,1106667,1
9,1,2,8,3,0,3,3,16,NA,1
2,2,2,7,5,0,3,2,79,400000,1
15,2,2,2,11,0,3,2,34,100000,1
9,7,2,8,3,0,3,5,15,NA,1
8,1,1,2,5,0,3,4,44,716667,1
1,7,2,1,5,0,3,4,46,450000,1
5,7,2,2,8,0,3,4,27,30000,1
7,7,2,1,1,0,3,2,60,NA,1
5,2,1,8,7,0,3,3,21,NA,1
11,6,1,1,3,1,3,2,56,684167,1
6,7,2,1,5,0,3,5,54,420000,1
3,2,2,1,3,1,3,3,50,NA,1
13,1,2,8,1,1,1,1,82,NA,1
13,4,2,1,8,0,3,4,29,504167,1
13,7,2,1,12,0,3,3,42,5083333,1
4,1,1,1,5,0,3,3,65,400000,1
8,4,1,1,5,0,3,3,81,NA,1
8,6,1,1,3,0,3,4,16,NA,1
9,1,1,8,8,0,3,3,25,NA,1
7,1,1,1,1,0,3,3,69,312869,1
11,4,2,8,3,0,3,2,49,250000,1
1,2,2,8,5,0,3,11,20,NA,2
8,4,2,NA,1,0,3,3,10,NA,1
13,7,1,1,1,0,3,10,68,210000,1
14,4,2,2,10,1,3,3,45,1408333,1
6,4,1,1,2,0,3,3,73,168000,1
5,4,1,8,5,0,3,4,26,400000,1
8,1,1,8,1,0,2,2,52,NA,1
13,1,2,1,2,0,3,3,72,55000,1
7,4,1,NA,1,0,3,5,13,NA,1
8,6,1,NA,1,0,3,4,12,NA,1
2,4,1,1,5,1,3,3,69,200000,1
8,6,1,8,1,0,3,5,48,70000,1
9,4,2,7,1,1,3,4,76,175000,1
1,3,1,1,6,1,3,5,61,50000,1
8,3,2,8,11,0,3,3,87,330000,1
16,4,2,7,1,0,2,3,76,NA,1
13,1,2,2,2,0,3,5,80,110000,1
13,7,1,1,9,0,3,4,37,2270833,1
16,4,2,2,6,0,1,6,22,NA,1
6,2,1,NA,0,0,1,4,3,NA,3
7,4,2,8,3,0,3,3,17,NA,1
13,4,2,1,4,0,3,3,66,NA,1
11,2,1,8,7,1,3,6,24,700000,1
5,4,2,2,9,0,3,2,69,580000,1
15,2,2,8,8,1,3,3,32,904167,2
13,2,1,1,1,0,3,4,57,410000,1
13,6,2,7,1,0,3,2,78,NA,1
16,1,2,1,5,0,3,5,40,400000,1
9,2,2,6,7,0,3,3,50,480000,1
10,6,2,8,0,1,3,1,63,NA,1
3,4,2,8,2,0,2,5,39,400000,1
8,2,2,8,5,0,3,3,54,380000,1
13,7,2,8,9,0,3,4,27,NA,1
13,4,1,1,11,0,3,4,47,372500,1
7,4,1,1,3,0,3,3,66,170000,1
16,6,1,1,8,0,3,3,56,500000,1
10,4,1,2,1,0,3,5,54,360000,1
13,4,1,NA,1,0,3,6,12,NA,1
13,4,1,1,6,0,3,2,56,570000,1
6,7,2,1,11,0,3,4,41,625000,1
5,3,2,8,6,0,3,2,19,100000,1
5,2,2,2,7,0,3,8,35,336000,1
8,1,2,8,8,0,3,3,49,860000,1
8,1,1,8,4,0,3,3,53,432500,1
5,3,2,8,6,0,3,3,50,550000,1
5,4,2,8,11,0,3,3,47,NA,1
12,4,1,7,5,1,3,4,88,300000,1
8,4,2,1,5,0,3,4,56,NA,1
5,2,1,NA,2,0,3,4,13,NA,1
1,1,2,NA,0,0,1,5,0,NA,1
14,2,1,7,2,1,3,2,86,NA,1
12,4,1,1,5,0,3,5,46,1400000,1
10,2,2,8,7,1,3,5,28,670417,1
7,2,1,2,3,0,3,4,46,580000,1
5,2,2,1,4,0,3,5,57,NA,1
14,3,2,5,8,0,3,2,48,200000,1
15,1,1,8,9,0,3,3,25,NA,1
7,2,1,8,2,1,3,3,26,400000,2
6,4,1,8,8,0,3,5,33,1500000,1
16,6,1,NA,0,0,3,3,6,NA,2
13,7,2,NA,1,0,3,6,9,NA,1
13,7,2,7,5,0,3,4,83,300000,1
14,2,2,2,5,0,3,2,65,80000,1
3,6,2,1,1,0,3,2,79,NA,1
13,1,2,8,9,0,3,5,23,NA,1
4,2,1,NA,1,0,3,4,11,NA,1
6,4,2,2,3,0,3,5,19,550000,1
6,4,1,8,5,1,3,2,44,228167,1
9,1,1,2,5,0,3,6,26,400000,1
5,4,2,8,2,0,3,3,14,NA,1
6,6,1,1,11,0,3,4,49,4000000,1
13,2,1,2,11,0,3,3,45,918083,1
2,2,2,1,8,0,3,7,26,400000,1
13,7,1,8,11,0,3,1,50,945000,1
16,1,1,1,2,0,2,2,62,193000,1
13,4,2,1,5,0,3,5,45,550000,1
9,4,1,1,3,0,3,2,84,1183333,1
13,7,2,3,12,0,3,4,44,1767500,1
13,6,2,1,3,0,3,3,64,130000,1
7,1,2,2,5,0,3,3,23,300000,1
13,2,2,1,5,0,3,6,54,NA,1
8,4,1,7,2,0,3,1,71,210000,1
9,4,1,1,6,1,3,4,38,1327000,1
7,4,2,1,3,0,3,2,50,NA,1
9,1,1,8,2,0,3,6,27,400000,1
6,4,2,8,11,0,3,5,27,700000,1
2,4,1,1,6,0,3,3,62,800000,1
13,4,2,7,1,0,1,7,63,48000,1
8,4,2,6,1,0,2,3,46,NA,1
7,4,2,8,5,0,3,2,26,320000,1
16,4,1,8,3,0,3,3,17,NA,1
2,4,2,1,3,0,3,2,70,NA,1
5,6,2,8,4,0,3,2,15,NA,1
3,4,2,8,2,0,2,5,14,NA,2
5,1,2,2,3,0,3,5,16,NA,1
9,7,2,2,5,1,3,4,29,200000,1
5,6,2,5,5,1,1,3,49,NA,1
16,2,1,2,5,0,3,3,54,1250000,1
8,1,1,8,3,0,2,3,35,150000,1
9,2,1,8,3,0,3,5,14,NA,1
13,6,1,8,5,0,3,4,18,NA,3
8,1,2,NA,1,0,3,3,12,NA,1
14,4,1,8,3,1,3,5,18,NA,2
15,4,2,NA,0,0,3,5,2,NA,1
13,3,2,1,8,0,3,5,52,1300000,1
8,6,2,8,9,0,3,6,21,NA,1
9,2,2,8,4,0,1,4,37,116000,1
13,3,2,1,12,0,3,3,55,5000000,1
7,2,2,1,6,0,1,5,30,NA,2
14,2,2,2,5,0,3,2,54,250000,1
8,2,2,7,5,0,2,5,62,NA,2
5,2,2,2,11,0,3,3,42,1242500,1
16,3,1,8,9,0,3,2,35,2173333,1
13,7,2,NA,0,0,3,3,1,NA,1
5,4,1,2,3,0,3,5,53,250000,2
9,4,2,1,1,1,3,3,77,193000,1
5,4,2,NA,2,0,3,4,13,NA,1
10,4,2,2,5,1,3,3,33,618333,1
14,4,2,6,11,0,3,3,43,900000,1
5,1,1,5,1,0,3,6,50,NA,1
14,2,2,1,6,0,3,5,26,1200000,1
13,4,2,6,1,0,3,3,55,850000,1
5,7,1,2,1,0,3,2,68,130000,1
2,2,1,NA,1,0,3,5,12,NA,1
8,6,2,8,-88,0,3,4,82,NA,1
16,6,1,2,5,0,3,8,35,400000,3
2,2,2,8,1,0,3,3,14,125000,1
8,4,2,NA,0,0,3,6,6,NA,1
12,4,1,2,9,1,3,6,29,900000,1
6,4,1,2,3,0,3,2,34,540000,1
10,2,1,1,9,0,3,5,26,545000,2
1,2,2,1,6,0,3,2,63,NA,1
13,4,2,8,5,0,3,6,22,553000,1
6,4,1,1,6,0,3,4,59,500000,1
10,2,2,7,5,0,3,5,74,195000,1
9,2,2,8,3,0,3,5,17,100000,1
15,1,1,NA,1,1,3,4,6,NA,1
8,6,1,1,1,0,3,5,55,412500,2
6,1,2,2,8,0,2,4,27,NA,2
13,6,1,1,11,0,3,5,34,500000,1
6,1,1,8,5,0,3,4,20,NA,1
13,2,2,1,5,0,3,3,55,NA,1
8,3,2,8,2,0,3,4,14,NA,1
13,4,1,8,5,1,3,4,18,100000,1
7,1,1,8,6,0,3,4,35,400000,1
1,2,2,NA,0,0,2,6,3,NA,2
13,3,2,8,9,0,3,4,18,NA,1
14,1,2,1,1,0,3,3,72,NA,1
14,4,1,8,1,0,3,3,48,265000,1
13,2,1,2,5,0,3,4,35,438889,1
2,3,2,8,12,0,3,3,67,2650000,1
8,4,1,1,1,1,3,4,70,NA,1
5,6,2,1,6,0,3,3,61,NA,1
15,2,2,1,5,0,3,3,60,450000,1
8,4,2,7,1,0,3,5,75,180000,1
10,4,2,8,2,1,NA,4,46,600000,1
5,4,1,1,1,0,3,7,71,200000,3
13,4,1,8,3,1,3,3,15,130000,1
13,1,1,8,5,0,3,5,18,NA,1
6,2,2,6,5,0,3,2,54,582167,1
13,2,2,8,8,0,3,3,32,452083,1
13,3,1,NA,1,0,3,4,12,NA,1
2,6,2,NA,1,0,3,5,9,NA,1
1,7,1,6,3,0,3,5,53,785000,1
9,1,1,2,11,1,3,5,41,655250,1
15,3,2,8,7,0,3,3,20,NA,1
6,3,1,2,3,0,3,3,36,150000,1
10,4,2,NA,0,0,3,4,2,NA,1
13,7,1,2,11,0,3,3,39,2463333,1
10,4,2,1,7,0,3,6,37,702917,1
8,1,1,7,1,0,3,1,85,NA,1
10,4,2,NA,0,1,3,5,3,NA,1
13,2,1,1,9,0,3,2,65,658000,1
5,3,2,8,5,1,3,3,27,1532500,1
13,3,1,8,12,0,3,1,39,2459000,1
16,1,1,NA,2,0,2,2,13,NA,1
13,6,1,2,6,0,3,4,44,536584,1
16,6,1,8,0,0,3,1,84,NA,1
8,2,1,1,2,0,3,2,66,701667,1
8,1,2,1,5,0,3,3,50,210000,1
1,2,2,8,8,0,3,1,59,700000,1
9,6,2,1,2,0,3,5,70,202955,1
13,2,1,8,3,0,3,4,17,NA,1
9,4,2,8,3,0,3,3,16,NA,1
11,6,2,2,6,0,3,4,34,350000,1
7,2,1,1,5,0,3,2,51,40000,1
15,4,2,NA,1,1,2,5,10,NA,2
13,2,1,NA,1,0,3,3,10,100000,1
4,3,1,NA,1,0,3,3,11,75000,1
13,7,1,NA,0,0,3,5,3,NA,1
13,4,1,8,5,0,3,3,18,NA,1
1,3,1,2,9,0,3,2,60,400000,1
8,3,2,1,8,0,3,4,44,297084,1
7,7,2,1,11,0,3,2,70,400000,1
14,4,2,1,1,0,3,2,58,160000,1
13,4,2,8,9,0,3,4,22,NA,1
4,1,1,8,4,0,3,3,16,NA,1
4,2,1,8,6,0,3,1,26,510000,1
5,4,1,1,2,0,3,2,76,880000,1
12,4,2,7,0,0,3,3,89,330000,1
6,2,1,2,5,0,3,6,30,50000,1
13,6,2,8,8,0,3,2,28,700000,1
1,2,2,8,5,0,3,1,27,450000,1
14,1,2,8,5,0,3,2,40,650000,1
15,1,2,1,4,0,3,2,69,75000,1
7,4,1,8,3,0,3,4,15,NA,1
13,4,2,1,6,0,3,4,60,NA,1
11,6,1,6,5,0,3,1,55,240000,1
5,6,1,8,6,0,3,2,18,NA,1
2,2,1,8,9,0,3,2,45,600000,1
15,1,2,6,8,1,3,2,52,870000,1
13,4,2,7,1,0,3,1,77,NA,1
6,2,2,8,5,0,1,2,18,80000,1
15,1,1,8,5,0,3,5,19,380000,1
10,4,1,1,1,0,3,2,74,60000,1
13,3,2,8,9,0,2,5,21,NA,1
8,1,1,1,0,0,3,3,82,NA,1
4,1,1,8,3,0,3,7,48,450000,1
15,2,1,2,6,1,3,4,41,600000,1
15,2,2,8,3,1,3,3,16,NA,1
13,2,2,2,11,1,2,3,32,NA,1
5,7,2,8,3,1,3,3,17,NA,1
13,2,2,1,11,0,3,2,60,306852,1
8,1,1,1,1,0,3,2,72,300000,1
13,2,1,NA,2,0,3,3,13,NA,1
7,1,1,8,5,0,2,3,20,NA,1
15,1,2,1,11,0,3,3,60,1011667,1
5,2,1,6,8,0,3,6,56,920000,1
13,3,1,1,9,0,3,6,64,2000000,1
4,2,1,2,5,0,3,4,32,630000,1
7,1,2,NA,1,0,3,6,7,NA,1
1,1,1,NA,0,1,3,5,3,NA,1
15,4,2,1,4,0,3,2,61,595430,1
7,7,1,1,1,0,3,2,71,NA,1
13,2,2,5,7,0,3,3,33,750500,1
13,3,2,3,12,0,3,1,27,1778333,1
5,2,1,1,5,0,3,6,62,400000,1
1,7,1,1,4,0,3,9,66,556417,1
9,4,2,8,11,1,3,1,72,330000,1
7,1,1,1,1,0,3,3,77,192000,1
3,1,1,1,7,1,3,3,33,1320000,1
10,4,1,8,1,1,3,4,14,NA,1
16,4,1,NA,1,0,2,4,12,NA,1
5,2,1,8,11,0,3,3,29,2000000,1
15,1,1,8,3,1,3,3,55,700000,1
13,7,1,NA,1,0,3,3,11,NA,1
6,6,2,8,11,0,3,4,26,320000,1
2,2,1,NA,1,0,2,5,11,NA,1
16,4,2,8,8,0,3,1,66,293000,1
2,1,2,NA,0,0,3,11,4,NA,2
10,1,2,8,3,0,3,7,16,NA,1
4,2,1,2,-88,0,3,3,29,1331667,2
8,1,2,8,11,0,3,1,69,350000,1
1,7,1,2,3,0,3,5,38,1250000,1
5,2,2,1,11,0,3,5,53,900000,1
9,7,2,NA,0,1,3,5,2,NA,2
7,1,1,1,2,0,1,6,53,NA,1
13,2,2,NA,0,0,3,9,4,NA,1
3,2,1,8,5,0,3,4,54,640000,1
12,4,1,1,1,0,3,2,77,1140000,1
1,3,1,1,7,0,3,5,40,322500,1
5,2,2,1,5,0,3,3,66,335000,1
6,2,2,8,8,0,3,3,24,680000,1
10,2,2,1,2,1,3,2,60,NA,1
7,7,2,1,5,0,3,2,59,NA,1
13,3,2,1,5,0,3,4,41,400000,1
6,7,1,8,8,0,3,1,23,500000,1
1,1,2,8,7,0,3,3,21,215000,1
9,1,1,1,1,0,3,2,67,28000,1
6,4,1,8,11,0,3,3,26,600000,1
5,2,1,8,11,0,3,2,54,1117083,1
8,2,2,NA,1,1,3,6,10,NA,1
16,1,2,2,3,0,3,5,52,123000,1
10,1,1,1,2,0,3,2,54,700000,1
8,2,2,NA,1,0,3,3,13,NA,1
5,6,2,1,7,0,3,4,40,NA,1
9,1,1,NA,1,1,2,4,8,NA,1
9,4,1,8,9,1,3,5,19,20000,1
5,1,2,8,5,0,3,2,32,160000,1
8,2,2,2,12,0,3,3,35,1955833,1
14,6,2,1,3,0,3,2,78,NA,1
2,1,2,8,5,0,3,1,44,578333,1
5,2,2,1,1,0,3,8,65,NA,2
6,2,2,8,3,0,3,3,16,NA,1
14,2,2,1,2,0,3,2,58,50000,1
7,3,2,8,9,1,3,2,26,843333,1
5,6,1,NA,2,0,3,4,13,NA,1
6,7,2,8,3,1,2,5,17,NA,1
13,1,1,8,1,0,3,4,42,550000,1
13,2,1,2,3,0,3,2,49,600000,1
1,4,1,8,3,0,3,3,32,NA,1
7,4,2,8,6,0,3,7,23,NA,1
8,2,2,8,7,1,3,5,20,NA,1
10,1,2,5,1,0,3,2,67,NA,1
8,1,2,1,3,1,3,3,60,NA,1
15,4,2,2,11,0,3,2,27,560000,1
16,4,2,8,5,0,3,1,63,25000,1
14,7,1,1,1,1,3,2,66,NA,1
13,4,1,7,1,0,3,6,54,300000,1
13,3,2,2,11,0,3,3,47,1101667,1
10,3,1,NA,0,0,2,3,1,NA,1
5,3,1,NA,1,0,3,3,8,NA,1
5,3,2,7,8,0,3,5,56,210000,1
11,4,1,2,6,0,3,4,43,850000,1
8,2,2,1,8,0,3,4,37,650000,1
8,2,1,8,5,0,3,5,26,400000,1
12,4,1,8,5,0,3,3,52,608333,1
16,7,2,1,1,0,3,3,72,NA,1
16,6,1,1,5,0,3,5,52,7000000,1
5,2,1,NA,0,0,2,4,4,NA,1
14,3,2,NA,0,0,3,3,5,NA,1
7,1,2,1,3,0,3,2,56,NA,1
16,4,2,NA,0,0,2,3,6,NA,1
9,4,2,1,11,0,3,1,57,193833,1
6,6,2,1,2,1,3,4,52,NA,1
8,2,2,8,4,0,3,1,73,55000,1
4,4,2,NA,1,0,3,3,7,NA,1
5,2,2,NA,1,0,3,4,7,NA,1
9,7,1,NA,0,0,3,3,0,NA,1
5,2,2,3,3,0,3,4,66,NA,1
14,1,2,8,6,1,3,2,50,NA,1
8,7,2,1,6,0,3,3,62,410000,1
3,7,2,1,6,0,3,3,58,NA,1
15,2,2,8,3,1,3,9,15,100000,2
13,2,1,NA,0,0,3,6,3,NA,2
6,4,2,NA,0,0,3,4,6,NA,1
4,4,2,2,2,0,3,4,69,193000,1
12,6,1,8,2,0,3,3,54,1020833,1
5,4,2,2,8,0,3,5,39,80000,1
9,2,1,1,1,0,3,3,70,212000,1
14,1,1,8,5,0,3,2,21,421667,1
16,6,2,5,2,0,3,2,56,400000,1
3,7,2,2,7,1,3,4,32,NA,1
14,2,1,8,2,0,3,5,87,180000,1
2,3,2,8,6,0,2,5,18,NA,2
4,6,1,8,3,0,3,2,47,398201,1
8,1,1,8,4,1,3,6,14,NA,1
14,4,2,7,1,1,3,4,84,33333,1
9,6,1,8,9,0,3,1,60,1260000,1
7,1,2,5,2,0,3,1,39,1244917,1
7,2,2,6,5,0,3,3,57,282917,1
13,1,2,8,1,0,3,7,27,50000,1
13,1,1,8,5,0,3,5,18,NA,2
13,7,2,NA,0,0,3,4,1,NA,1
8,2,2,8,7,0,3,2,22,NA,1
15,2,1,NA,0,1,3,3,2,NA,1
9,7,1,8,11,0,3,3,24,76667,1
13,1,1,8,6,0,3,3,20,480000,1
9,2,2,8,3,1,3,5,18,NA,1
14,3,1,8,4,0,3,3,21,NA,1
7,2,2,7,8,0,3,3,49,1066750,1
15,2,2,1,11,0,3,4,42,2500000,1
14,4,2,NA,0,1,3,3,3,NA,1
13,6,2,2,11,0,3,2,27,1300000,1
10,4,2,8,2,1,3,4,75,NA,1
12,4,1,8,4,1,3,2,15,20000,1
1,2,2,NA,1,0,3,4,12,NA,1
16,4,2,1,3,0,3,5,49,NA,1
8,1,2,NA,1,0,3,2,7,50000,1
2,2,1,8,3,0,3,1,48,850000,1
10,2,1,8,8,0,3,1,26,665000,1
4,7,2,8,8,0,2,3,39,80000,1
16,2,2,2,12,0,3,2,67,420000,1
7,7,1,NA,1,0,3,4,10,NA,1
4,3,1,1,11,0,3,4,32,4000000,1
5,4,2,NA,0,0,3,5,0,NA,1
1,1,1,8,1,0,1,7,14,NA,4
8,3,2,NA,1,0,3,4,9,NA,1
5,2,1,NA,0,0,3,5,3,NA,4
3,1,2,1,3,0,3,9,62,620000,1
8,4,2,8,8,0,3,1,69,124000,1
3,1,2,NA,0,0,2,9,6,NA,1
8,4,2,8,9,0,3,2,22,60000,1
4,1,2,8,6,0,3,4,17,NA,1
3,2,2,2,8,0,3,4,39,500000,1
15,2,1,1,3,0,3,4,50,600000,1
7,4,1,1,2,0,3,1,64,400000,1
7,1,2,NA,0,0,2,2,0,NA,1
11,2,2,8,5,1,3,4,24,NA,1
5,2,1,NA,1,0,3,4,8,NA,1
1,4,2,8,3,1,3,6,16,NA,1
13,4,1,8,5,0,3,6,35,NA,1
9,3,2,NA,0,1,3,4,3,NA,1
8,2,1,NA,2,0,3,4,12,NA,1
13,7,2,8,5,1,3,5,34,995000,1
13,4,1,7,5,0,3,1,67,290000,1
7,4,1,NA,1,0,3,5,13,NA,2
8,4,2,8,0,0,3,3,44,NA,1
1,3,2,8,6,0,3,3,19,308333,1
10,4,1,NA,1,1,3,6,10,NA,1
15,2,2,1,5,0,3,5,33,2876667,2
9,4,1,NA,1,1,2,5,7,60000,2
10,4,2,7,1,1,3,2,72,NA,1
10,4,2,8,4,0,3,1,68,1500000,1
2,4,1,NA,1,1,3,10,7,NA,3
8,6,2,8,9,0,3,6,33,150000,1
8,7,1,NA,1,0,3,4,8,NA,1
6,4,2,8,5,0,3,2,39,540000,1
7,2,2,8,3,0,3,3,16,NA,1
8,1,1,8,5,0,3,2,43,403333,1
4,3,2,NA,1,0,3,3,7,NA,1
13,4,2,8,3,0,3,5,54,400000,2
10,7,1,8,11,0,3,2,48,NA,1
7,7,1,8,5,0,3,2,47,800000,1
2,2,2,8,7,0,3,4,20,600000,1
7,4,1,2,6,0,3,5,28,555167,1
13,4,2,1,5,0,3,4,56,320000,1
1,1,2,8,6,0,3,5,40,406667,1
10,6,2,8,5,0,3,2,51,296667,1
8,2,1,8,11,0,3,3,26,NA,1
15,2,2,1,1,1,3,3,45,NA,1
6,4,1,8,5,0,3,4,22,840000,1
5,4,2,NA,0,1,3,4,5,NA,1
15,1,2,1,1,0,3,2,78,NA,1
8,2,2,NA,0,0,3,5,3,NA,1
10,2,2,NA,1,0,3,3,7,NA,1
13,4,1,8,7,0,3,4,21,385000,1
8,4,2,1,5,0,3,5,35,350000,1
10,4,1,NA,0,0,3,5,1,NA,1
10,1,1,1,2,0,3,3,53,210000,1
6,6,2,NA,1,0,3,6,11,NA,1
8,1,2,1,1,0,3,2,67,230000,1
7,1,2,8,2,0,1,4,48,71000,1
4,4,2,8,2,0,3,3,46,280000,1
3,1,1,1,2,0,3,2,57,2000000,1
6,4,1,8,8,0,3,4,23,300000,1
13,4,2,5,5,0,3,6,55,80000,2
16,6,1,NA,0,0,3,4,5,NA,1
6,4,2,8,11,0,3,4,35,894832,1
5,4,2,2,1,0,3,2,72,NA,1
10,4,2,1,5,1,3,5,51,320000,1
13,6,1,2,5,0,3,2,30,NA,1
5,4,1,NA,0,0,3,5,2,NA,2
6,4,2,NA,0,1,1,7,6,NA,1
13,2,2,8,3,0,3,8,57,186000,1
6,7,2,7,1,0,3,2,81,100000,1
12,3,2,8,7,0,3,4,22,360000,1
16,1,1,2,2,0,1,4,35,NA,1
9,4,2,5,2,0,3,3,48,370000,1
8,3,1,NA,0,0,3,4,5,NA,1
8,4,1,8,1,0,3,2,37,NA,1
13,2,1,8,1,0,3,9,48,450000,1
2,2,2,NA,1,0,3,4,10,NA,1
6,4,1,8,5,0,3,4,19,NA,1
5,4,1,8,4,0,2,4,17,NA,1
10,2,1,1,6,0,3,5,48,500000,1
14,6,2,7,1,1,3,3,90,NA,1
5,4,2,1,5,0,3,2,68,NA,1
8,3,1,8,10,0,3,2,25,1100000,1
8,2,2,8,5,0,3,2,48,160000,1
12,4,2,7,8,0,3,2,63,230000,1
6,4,1,1,5,0,3,2,64,260000,1
15,1,1,NA,0,1,3,4,3,NA,3
7,4,1,8,6,0,3,5,37,NA,1
10,6,2,1,8,1,3,3,43,300000,1
2,2,2,5,3,0,1,3,53,NA,1
2,6,1,8,6,0,3,6,36,1453750,1
8,4,2,8,5,0,3,4,28,602500,1
15,2,1,8,5,1,2,8,36,500000,1
11,4,1,7,2,0,3,2,83,278311,1
16,6,1,8,3,0,3,4,37,470000,1
12,4,1,2,1,1,3,2,62,40000,1
5,4,2,1,1,0,3,2,74,NA,1
10,3,2,2,11,0,3,2,47,600000,1
2,2,1,NA,0,0,3,3,5,NA,1
15,2,1,1,6,0,3,4,37,1250000,1
16,4,2,8,11,0,2,2,61,68000,1
9,6,1,1,5,0,3,3,57,1134166,1
10,1,2,NA,0,0,3,6,2,NA,1
13,3,2,1,5,0,3,2,74,NA,1
13,4,2,8,6,0,3,5,26,160000,1
14,1,1,1,5,0,3,3,47,535133,1
1,7,2,NA,0,0,3,5,6,NA,2
13,2,2,NA,2,0,3,3,13,NA,1
13,2,1,2,5,0,3,5,28,480000,2
3,2,1,NA,0,1,3,8,1,NA,1
5,2,1,8,3,0,3,3,23,350000,1
8,4,1,1,5,0,3,6,32,800000,2
13,4,2,6,4,0,1,3,62,201667,1
15,1,1,1,3,0,3,5,63,500000,1
13,3,2,NA,1,0,3,4,8,NA,1
13,1,2,5,0,0,3,1,79,193117,1
13,7,2,NA,1,0,3,8,7,NA,1
13,1,2,7,1,0,3,1,72,200000,1
10,4,2,NA,1,1,3,4,12,NA,1
13,1,1,NA,1,0,3,7,12,NA,3
9,4,2,NA,1,0,1,5,10,NA,1
8,2,1,2,11,0,3,2,30,1221667,1
10,2,2,8,7,0,3,5,45,505167,1
13,6,1,2,11,0,3,3,29,912333,1
7,4,1,1,5,0,1,2,64,NA,1
12,4,1,8,3,0,3,4,14,NA,1
13,6,2,NA,1,0,1,10,10,NA,1
9,4,1,1,2,1,3,2,50,460667,1
13,7,2,7,8,0,3,1,60,200000,1
7,3,2,8,6,0,3,4,28,NA,1
5,2,2,8,9,0,3,3,23,NA,1
15,2,1,NA,1,0,2,4,7,NA,1
13,2,1,8,2,0,2,3,17,NA,1
7,4,1,7,2,0,3,2,70,162099,1
10,2,2,1,5,1,3,3,45,NA,1
13,4,2,5,2,1,3,4,38,200000,1
9,3,2,1,5,0,2,3,64,NA,1
8,1,1,NA,1,1,2,4,11,NA,1
7,2,2,NA,0,0,3,4,3,NA,1
8,1,1,8,1,0,3,1,64,420833,1
7,2,2,2,5,0,3,4,36,60000,1
13,2,1,2,6,0,2,10,32,NA,1
5,3,2,2,8,0,3,4,28,NA,1
13,4,2,2,5,0,3,4,31,515000,1
8,2,2,8,9,0,3,2,36,523333,1
2,2,1,8,0,0,3,3,54,219082,1
9,4,2,1,9,1,3,3,20,NA,1
9,6,1,1,1,0,3,2,77,40000,1
13,6,2,8,9,0,3,4,29,NA,1
10,6,1,1,1,0,3,2,76,NA,1
8,1,2,8,8,0,3,5,41,500000,1
8,3,2,8,2,0,3,4,14,NA,1
9,1,1,2,6,1,3,6,37,421281,1
5,4,1,1,1,0,3,2,68,220000,1
13,7,1,8,3,0,3,4,14,NA,1
1,2,1,2,11,0,3,5,27,2000000,1
10,1,1,1,3,1,3,2,64,350000,1
4,2,1,1,1,0,3,3,74,NA,1
15,1,2,1,1,0,3,8,48,NA,1
13,7,2,2,1,0,3,3,40,1905000,1
14,4,1,8,2,1,3,2,51,400000,1
13,2,2,1,11,0,3,4,35,600000,1
10,4,1,8,9,0,3,4,21,NA,1
14,2,1,8,9,0,3,4,27,503559,1
13,6,1,8,3,0,3,1,29,550000,1
13,1,1,2,6,0,3,3,26,500000,1
7,3,1,1,8,0,3,4,41,932000,1
13,7,1,8,9,0,3,4,24,NA,1
4,4,2,8,0,0,3,3,64,NA,1
8,1,2,NA,1,1,3,3,13,NA,1
14,2,1,8,9,0,3,3,18,NA,1
13,6,1,8,7,0,3,1,27,454167,1
12,4,1,6,5,0,3,1,49,600000,1
13,2,1,2,8,0,3,5,27,NA,1
13,7,2,NA,0,0,3,5,3,NA,1
5,6,1,2,7,0,3,5,41,360000,1
5,4,2,1,6,0,3,4,58,525000,1
7,1,1,8,4,0,1,2,15,NA,1
8,1,1,8,3,0,3,4,18,583333,1
16,1,2,8,11,0,3,3,28,200000,1
10,4,2,1,1,0,3,2,58,NA,1
4,1,1,8,3,0,2,4,19,NA,1
10,4,1,NA,2,1,3,4,13,NA,1
2,2,2,7,3,0,3,1,74,400000,1
3,6,2,8,5,0,3,6,48,NA,1
4,1,1,2,1,0,3,2,56,300000,1
16,7,2,8,3,0,3,3,23,NA,1
8,2,2,8,6,0,3,3,18,60000,1
8,2,1,8,8,0,3,2,46,780000,1
9,6,1,8,6,0,3,2,58,150000,1
8,1,2,5,1,0,3,1,68,2000,1
12,4,1,8,6,0,3,1,48,1650000,1
9,1,1,8,2,1,3,1,62,1037000,1
16,2,2,1,3,0,3,2,69,193000,1
7,2,1,NA,2,0,3,3,13,NA,1
3,1,1,8,3,0,3,3,16,NA,1
4,1,1,1,5,0,3,1,40,200000,1
8,2,1,1,5,0,3,3,70,550000,1
13,2,2,8,9,0,3,3,28,57917,1
1,7,1,2,6,0,3,4,29,816667,1
10,4,2,8,4,0,3,3,55,515000,1
15,1,1,8,1,0,3,27,15,NA,2
9,1,1,2,5,0,3,5,48,NA,1
7,1,1,NA,0,0,3,5,2,NA,1
1,7,2,1,3,0,3,3,54,15000,1
13,4,1,8,7,0,1,4,30,NA,1
16,1,1,1,11,0,3,2,87,370000,1
1,1,1,2,9,0,3,3,56,450000,1
8,4,1,NA,0,0,3,3,2,NA,2
6,4,2,1,11,0,3,3,31,1635000,1
14,2,1,6,6,0,3,1,61,716667,1
16,1,2,2,1,0,3,2,78,NA,1
8,4,1,8,5,0,3,3,21,634167,1
13,2,1,NA,1,0,3,9,11,NA,1
15,1,1,1,1,0,3,6,57,150000,1
8,1,1,8,5,0,3,2,44,380000,1
5,2,2,1,3,0,3,3,53,NA,1
12,3,2,2,11,0,3,2,43,1500000,1
3,6,2,NA,1,0,3,6,9,100000,1
8,2,1,1,8,0,3,3,59,833333,1
9,4,1,2,8,0,3,4,35,687427,1
13,2,2,1,3,0,3,2,57,NA,1
13,7,1,NA,0,0,3,4,3,NA,1
13,7,1,1,11,0,3,4,47,2000000,1
9,4,1,1,1,0,3,3,54,350000,1
13,4,2,1,11,0,3,2,56,605000,1
16,1,2,8,7,0,3,4,20,NA,1
2,2,1,NA,1,0,3,4,6,NA,1
1,2,1,8,2,0,3,6,14,NA,1
13,3,1,2,9,0,3,2,28,998000,1
13,2,2,NA,1,0,1,5,6,NA,1
13,3,1,8,3,0,3,5,15,NA,1
10,3,2,6,11,0,3,3,49,2019333,1
9,7,2,2,2,0,3,3,49,877000,1
6,6,1,8,11,0,3,4,32,NA,1
4,1,2,7,2,0,3,4,64,NA,1
5,4,2,1,3,0,3,2,63,NA,1
2,2,2,8,9,1,3,5,18,NA,1
6,6,1,1,5,0,3,5,68,500000,1
7,4,1,1,1,0,3,2,67,100000,1
5,1,2,2,5,0,3,4,28,NA,1
9,4,1,2,11,0,3,3,33,450000,1
8,2,2,NA,1,0,3,6,10,NA,1
4,7,1,8,5,0,3,6,19,NA,1
5,4,1,1,8,0,3,3,59,500000,1
5,2,2,1,5,0,3,4,58,NA,1
15,4,2,NA,1,1,3,4,10,NA,1
5,2,2,NA,1,0,3,4,13,NA,1
5,4,2,NA,1,0,3,6,10,NA,1
6,4,1,8,1,0,3,2,66,595000,1
7,4,2,1,5,0,3,5,52,NA,1
13,6,1,2,4,0,3,2,69,1710000,1
7,1,1,1,1,0,2,6,59,360000,1
2,3,1,1,2,0,3,3,66,NA,1
2,2,1,8,11,1,3,4,37,824167,1
14,4,2,1,2,0,3,3,61,NA,1
11,4,1,8,11,0,3,1,32,640834,1
11,4,1,8,1,0,3,2,48,1000000,1
9,3,2,NA,0,0,3,4,4,NA,1
15,2,2,8,5,0,3,4,61,193000,1
6,6,1,2,-88,0,3,3,41,400000,1
13,2,2,7,2,0,3,3,94,320000,1
5,1,1,NA,0,0,3,4,2,NA,1
6,4,1,8,8,0,3,2,28,600000,1
2,2,1,NA,1,0,3,4,10,300000,1
16,1,2,8,11,0,3,3,32,850000,1
13,3,2,2,11,0,3,3,41,1779167,1
4,2,1,8,9,1,3,3,23,NA,1
14,4,1,1,2,0,3,2,58,700000,1
14,4,2,NA,1,1,2,7,9,NA,1
10,1,2,8,1,1,3,1,75,201333,1
14,3,1,NA,1,0,3,4,12,NA,1
7,4,1,8,0,0,3,3,40,NA,1
15,1,1,1,7,0,3,3,58,1250000,1
2,3,2,NA,1,1,3,4,10,NA,1
3,4,1,1,2,0,3,2,56,600000,1
7,7,2,1,5,0,3,2,67,193000,1
6,4,1,2,1,0,3,2,62,700000,1
8,4,2,1,6,0,1,2,55,NA,1
15,1,2,1,5,0,3,3,54,403333,1
3,2,2,1,8,0,3,4,49,650000,1
13,3,2,8,-88,0,3,1,49,1000000,1
8,1,1,NA,1,1,1,3,7,NA,1
5,3,1,8,9,0,3,4,28,400000,1
3,4,1,8,2,0,3,1,65,630000,1
13,2,2,2,1,0,3,2,78,NA,1
3,2,2,2,5,0,3,3,39,604167,1
5,4,1,1,1,0,3,3,65,450000,1
14,2,2,NA,0,0,2,5,6,NA,2
2,2,1,1,4,0,3,3,52,500000,1
6,7,2,7,1,0,3,5,80,200000,2
15,1,2,NA,1,0,3,3,7,NA,1
13,6,2,NA,1,1,3,2,7,450000,1
13,3,2,1,11,0,3,4,57,300000,1
9,1,2,1,11,0,3,4,58,800000,1
15,2,1,8,7,0,3,4,22,NA,1
6,3,1,1,11,0,3,3,37,2602780,1
4,1,2,7,1,0,3,1,88,NA,1
14,4,2,7,1,0,3,1,81,83333,1
9,4,2,NA,0,0,3,4,3,NA,1
3,4,2,8,2,1,3,1,69,150000,1
2,4,2,2,3,0,3,6,32,400000,1
10,2,2,8,5,0,3,3,36,388333,1
5,4,2,1,1,0,3,2,71,193000,1
1,1,1,8,2,0,3,5,19,NA,1
5,2,1,NA,0,0,3,5,4,NA,1
7,2,1,1,11,0,3,3,63,1000000,1
13,7,2,1,5,0,3,3,23,300000,1
5,1,2,1,5,0,3,4,66,NA,1
2,3,2,1,7,0,3,3,40,102000,1
15,2,2,2,5,0,3,5,41,350000,2
8,1,2,1,3,0,3,5,46,400000,1
7,1,1,8,9,0,3,3,22,664167,1
7,3,2,NA,1,0,3,3,8,100000,1
5,1,1,2,9,0,3,5,52,966667,1
10,2,1,2,11,0,3,2,63,631776,1
9,2,2,8,5,0,2,2,35,60000,1
16,2,2,1,1,0,3,2,48,150000,1
13,7,2,8,11,1,3,6,27,350000,1
6,2,1,1,1,0,3,2,72,430000,1
5,1,1,2,5,0,2,3,58,400000,1
6,7,1,1,11,0,3,2,61,1003333,1
14,2,1,8,5,0,3,4,18,NA,1
8,1,1,8,11,0,3,4,24,400000,1
7,1,2,8,5,0,3,3,31,165000,1
3,6,2,1,8,0,3,4,60,NA,1
8,4,2,NA,1,0,3,4,11,NA,1
13,4,2,NA,0,0,3,5,5,NA,1
8,2,2,1,8,1,3,4,50,702378,1
4,2,2,8,3,0,3,2,33,450000,1
14,4,2,7,1,0,3,2,98,348304,1
15,2,2,1,4,0,3,2,66,NA,1
4,6,2,8,7,0,3,5,29,NA,1
13,6,2,8,1,0,3,3,61,200000,1
8,2,1,1,5,0,3,4,60,500000,1
16,1,1,8,5,0,3,3,32,800000,1
16,4,1,1,2,0,2,2,73,NA,1
7,1,2,2,2,0,3,4,63,NA,1
13,4,2,8,9,0,3,4,19,NA,1
9,4,1,8,2,1,3,4,19,NA,1
3,4,2,8,5,0,2,5,26,400000,2
4,4,2,2,1,0,3,3,54,NA,1
5,1,1,5,2,0,3,3,45,901666,1
6,4,1,NA,1,0,3,4,8,NA,1
8,1,2,7,5,0,3,3,84,160000,1
1,2,1,2,5,0,3,2,45,400000,1
8,2,1,8,9,0,3,2,36,NA,1
13,4,2,2,5,0,3,6,22,100000,2
8,3,1,8,4,0,3,4,16,NA,1
16,1,2,2,5,0,3,4,39,400000,1
6,4,2,5,5,0,3,1,60,190000,1
14,4,1,5,2,0,3,1,66,400000,1
12,4,2,3,8,0,3,2,26,900000,1
13,2,2,8,3,1,1,4,21,100000,1
7,4,2,8,3,0,3,5,16,NA,1
2,1,2,1,1,0,3,11,75,NA,1
8,1,1,1,6,0,3,4,54,700000,1
13,2,2,1,1,1,3,3,60,80000,1
15,2,2,8,5,0,3,3,63,150000,1
13,4,2,8,3,0,3,6,16,NA,1
13,3,2,2,12,0,3,2,44,3498084,1
15,1,1,NA,1,1,3,4,11,NA,1
2,4,2,6,6,0,3,3,53,657167,1
13,4,2,1,11,0,3,4,54,NA,1
9,4,1,1,5,0,3,5,56,500000,1
13,2,2,1,12,0,3,4,58,1200000,1
7,4,1,2,11,0,3,2,30,416667,1
10,2,2,2,7,0,3,2,27,230000,1
10,4,2,1,2,0,3,3,53,NA,1
13,3,2,7,1,0,3,4,81,NA,1
13,7,2,2,5,0,3,4,23,260000,1
13,2,1,8,3,0,3,5,17,NA,1
14,6,2,8,5,0,3,3,18,NA,1
7,4,1,5,2,0,3,1,56,350000,1
7,2,2,8,5,0,3,1,76,200000,1
8,2,1,2,1,0,3,2,38,500000,1
9,4,1,8,2,0,2,1,55,23333,1
13,2,1,1,5,0,3,5,73,395000,1
6,3,2,6,1,0,3,2,61,100000,1
12,4,2,8,4,1,3,3,16,NA,1
13,7,2,6,3,0,3,5,60,350000,1
16,4,1,8,2,0,3,3,40,466667,1
13,2,2,5,11,0,3,2,56,5000000,1
6,2,2,NA,0,0,3,4,3,NA,1
5,4,2,8,9,0,3,5,27,326000,1
7,1,2,7,1,0,3,2,65,NA,1
9,4,2,1,2,1,2,5,65,NA,1
6,4,2,1,6,0,3,4,50,NA,1
5,1,1,1,1,0,3,2,80,205000,1
10,2,1,1,5,1,2,5,41,400000,1
13,1,2,8,2,0,3,5,63,160000,1
9,4,2,1,2,0,3,4,59,300000,1
2,1,2,2,6,0,1,10,34,NA,1
1,3,1,1,11,1,3,3,30,1504167,1
13,7,2,7,5,0,3,2,73,NA,1
10,2,1,2,6,1,3,4,33,700000,1
15,4,2,2,5,1,2,4,35,NA,3
14,4,2,8,3,0,3,3,17,60000,1
16,4,1,8,1,0,3,1,52,328333,1
8,1,2,5,5,0,3,4,49,466667,1
16,2,1,2,5,0,1,3,25,NA,1
9,1,2,2,1,1,3,2,61,NA,1
3,6,1,1,5,0,3,3,62,607417,1
2,2,1,1,7,0,3,4,41,NA,1
13,1,2,7,1,0,3,6,77,216000,1
13,1,1,NA,0,0,3,4,1,NA,3
16,4,2,1,2,0,3,3,61,400000,1
1,2,1,1,9,0,3,2,69,1200000,1
16,6,2,2,5,0,3,6,47,NA,1
13,1,2,7,1,0,3,13,92,80000,1
13,2,1,1,9,0,3,5,38,800000,1
14,4,1,8,3,0,3,5,17,NA,1
7,4,2,1,5,0,3,5,42,350000,2
5,2,2,8,5,0,3,2,30,526000,1
13,3,1,1,12,0,3,6,49,2557500,1
1,2,1,1,5,1,3,4,59,1000000,1
3,1,1,2,3,0,3,4,59,380000,1
3,2,2,1,11,1,3,5,32,280000,1
8,4,1,1,1,0,3,2,68,NA,1
3,2,1,8,9,0,3,3,28,340000,1
6,4,1,6,3,0,3,3,58,600000,1
16,2,2,NA,0,0,3,3,5,NA,1
11,6,1,1,1,0,3,3,63,50000,1
8,2,1,1,6,0,3,4,42,700000,1
11,6,1,1,11,0,3,6,46,700000,1
6,4,1,NA,1,0,3,5,10,NA,1
8,2,2,8,11,0,3,2,67,200000,1
5,1,1,8,3,0,3,2,57,NA,1
10,6,1,1,7,1,3,5,34,500000,1
7,4,2,6,0,0,3,2,72,NA,1
7,4,2,8,9,0,3,5,18,NA,1
13,3,1,8,9,0,3,3,25,1500000,1
13,6,1,5,11,0,3,1,56,200000,1
5,4,2,4,11,0,3,3,67,450000,1
3,1,2,8,5,0,3,5,19,NA,1
1,5,2,NA,0,0,3,5,4,NA,1
16,4,1,NA,1,0,3,5,10,NA,2
13,3,1,8,3,0,3,4,15,NA,1
9,4,1,2,7,1,3,3,38,450000,1
5,1,1,8,11,0,3,12,33,300000,1
13,4,1,1,6,0,3,2,61,300000,1
5,6,2,NA,1,0,3,2,11,NA,1
5,1,2,8,11,1,3,7,26,700000,1
8,2,1,1,6,0,3,5,64,800000,1
5,4,2,NA,0,0,3,3,1,NA,1
12,4,2,6,11,0,3,2,45,1050000,1
7,1,1,8,5,0,3,4,20,NA,1
3,1,2,NA,1,0,2,5,7,NA,2
9,1,2,2,2,0,3,4,42,320000,1
10,2,2,NA,1,0,3,6,11,NA,1
8,4,2,8,5,0,3,5,33,NA,1
10,4,2,8,5,0,3,4,28,600000,1
13,7,2,8,1,0,3,15,71,193000,1
4,1,2,1,1,0,3,12,67,NA,1
13,2,1,8,8,0,3,2,56,416667,1
1,2,2,8,9,0,3,5,20,NA,1
5,1,1,8,2,1,3,6,56,350000,1
6,1,1,1,4,0,3,2,71,1070000,1
16,4,2,8,5,0,3,3,27,400000,1
5,2,1,8,5,1,3,3,22,300000,1
6,6,2,8,8,0,3,2,28,133333,1
13,4,2,8,2,0,3,2,60,NA,1
5,2,2,1,5,0,3,7,58,120000,1
7,1,1,NA,1,0,3,5,9,NA,2
6,6,2,7,1,0,3,1,75,NA,1
16,1,2,1,5,0,3,2,79,NA,1
7,3,1,8,6,0,3,3,20,180000,1
14,4,2,1,6,0,3,5,40,100000,1
9,4,2,5,0,1,3,1,89,300000,1
5,6,2,2,5,0,3,5,36,650000,2
13,2,2,5,7,0,3,1,65,218333,1
2,3,1,2,5,0,3,2,37,2380000,1
10,3,1,NA,1,0,3,5,10,NA,1
9,4,2,7,1,1,3,1,79,NA,1
13,4,1,NA,2,0,3,3,13,NA,1
6,4,1,8,6,0,3,3,17,NA,1
3,1,2,8,5,0,3,4,58,150000,1
13,7,2,8,6,0,3,2,19,550000,1
14,6,2,1,3,0,3,5,34,350000,1
10,4,1,8,8,1,3,3,23,833333,1
6,4,1,1,2,0,3,2,60,280000,1
10,2,2,2,2,0,3,3,60,168131,1
16,2,1,NA,1,0,3,3,12,NA,1
4,4,2,1,1,0,3,3,61,60000,1
8,7,2,NA,1,0,3,3,11,NA,1
14,4,2,8,4,0,3,5,14,NA,1
7,2,2,1,6,0,3,4,41,NA,1
3,1,1,7,1,0,3,2,89,300000,1
9,2,2,1,5,0,3,2,60,100000,1
5,2,1,1,5,0,1,6,55,NA,1
3,1,1,1,2,0,3,1,29,454167,1
1,7,1,8,5,1,3,5,17,NA,1
8,2,2,1,4,0,3,2,75,185000,1
8,1,1,1,1,0,3,5,79,900000,1
10,2,1,8,9,1,3,3,23,40000,1
1,2,2,8,2,0,3,8,14,NA,2
3,1,1,2,5,1,3,5,24,854167,1
13,7,2,5,1,0,3,3,80,200000,1
2,3,1,1,-88,0,3,4,47,2225000,1
16,1,1,7,0,0,3,1,86,184167,1
14,3,2,2,2,0,3,5,31,NA,2
8,1,1,8,6,0,3,4,39,NA,1
8,2,2,NA,1,0,3,5,11,NA,2
4,3,2,8,11,0,3,1,27,730000,1
10,1,1,2,8,0,3,6,43,1614167,1
5,4,1,1,2,0,3,3,53,400000,1
8,6,2,5,11,0,3,2,35,840000,1
5,2,2,8,5,0,3,1,81,134000,1
13,3,1,NA,1,0,3,4,9,NA,3
5,2,2,1,2,0,3,5,28,80000,1
16,4,1,1,2,0,3,4,50,410000,1
9,4,2,8,6,1,3,3,18,40000,1
5,4,2,8,5,0,2,3,33,NA,1
13,3,1,2,5,0,3,2,23,1276666,1
13,3,2,8,6,0,3,4,37,NA,1
11,6,2,8,9,1,3,4,31,NA,1
14,1,1,8,3,0,3,4,16,NA,1
16,7,1,1,5,0,3,5,47,421667,1
13,4,2,8,11,0,3,2,40,1330833,1
13,6,1,8,9,1,2,7,19,NA,1
13,2,2,8,5,0,3,5,22,NA,1
15,4,1,1,5,1,3,2,47,400000,1
3,2,2,7,8,0,3,2,50,455000,1
10,2,1,8,5,0,3,1,49,610000,1
6,4,1,NA,0,0,3,3,5,NA,1
12,2,2,2,1,0,3,3,49,NA,1
5,4,1,2,6,0,3,3,62,350000,1
14,6,2,NA,1,1,2,4,8,NA,1
16,6,2,1,11,0,3,4,32,1000000,1
13,1,2,2,1,0,2,4,25,NA,1
4,4,1,1,11,0,3,3,44,2000000,1
3,4,2,8,2,0,3,6,82,NA,1
9,7,1,1,2,1,3,3,50,516667,1
13,4,1,8,8,0,3,4,23,720000,1
1,7,1,1,11,0,3,3,67,1400000,1
13,7,2,NA,0,0,3,3,1,NA,1
8,1,2,NA,0,1,3,4,4,NA,1
6,4,1,1,1,0,3,3,68,400000,1
11,4,2,8,5,0,3,3,45,600000,1
13,3,1,1,11,0,3,5,40,1500000,1
12,6,1,8,4,0,3,2,44,293935,1
10,4,2,7,2,1,3,1,67,130000,1
4,1,1,8,1,0,3,4,22,200000,1
16,4,1,8,11,0,3,1,48,1100000,1
6,4,2,1,6,0,3,5,32,NA,1
4,1,1,2,1,1,3,3,56,220000,1
11,6,1,2,5,1,3,4,34,900000,1
13,2,2,NA,0,1,3,4,3,NA,1
10,7,1,8,5,0,3,3,23,887500,1
4,2,2,5,5,0,3,3,41,600000,1
8,1,1,1,3,0,3,3,60,350000,1
7,4,2,8,1,0,3,3,42,185000,1
13,1,2,7,1,0,3,9,68,400000,1
7,1,2,8,6,0,3,5,20,667500,2
13,4,2,8,5,0,3,2,20,NA,1
5,3,2,8,3,0,3,4,16,NA,1
15,3,1,2,9,0,3,4,53,380000,1
14,2,1,8,7,0,3,3,31,649667,1
8,2,2,2,11,0,3,3,50,848333,1
13,1,2,8,11,0,3,5,24,400000,1
7,2,1,8,3,0,3,4,15,NA,1
6,4,1,2,3,0,3,3,43,370000,1
8,3,1,2,12,0,3,2,30,920000,1
4,4,2,NA,1,0,3,4,12,NA,1
3,1,2,6,5,0,3,4,58,405000,1
15,1,1,1,5,0,3,2,74,450000,1
2,2,1,8,5,0,3,2,28,NA,1
7,1,2,1,2,0,3,3,59,NA,1
9,4,1,7,1,0,3,5,58,500000,1
8,4,1,1,1,0,3,2,70,170000,1
13,3,1,NA,1,0,3,5,10,NA,1
10,4,2,2,7,0,3,3,31,1050000,1
14,6,1,NA,0,1,3,7,3,NA,1
5,2,1,NA,0,0,3,2,5,NA,1
13,3,2,8,11,0,3,1,72,415000,1
13,2,1,NA,1,1,1,3,13,NA,2
5,1,1,8,2,0,3,4,16,NA,1
12,3,1,1,7,0,3,4,60,660000,1
3,6,2,1,5,0,3,3,56,NA,1
6,1,2,8,0,0,3,4,65,183000,1
3,4,1,2,5,0,3,6,27,500000,1
15,1,2,2,8,0,3,7,33,650000,2
13,2,1,2,6,0,3,6,57,1850000,1
13,4,2,1,5,0,3,4,38,NA,1
4,4,1,8,4,0,3,9,17,NA,1
16,1,1,NA,1,0,3,3,12,NA,1
9,4,2,NA,1,0,3,4,8,NA,1
12,6,1,5,1,0,3,2,76,1068000,1
10,6,2,1,1,0,3,3,59,450000,1
10,4,1,8,9,0,3,6,19,NA,1
13,2,1,1,2,1,3,6,52,780000,1
8,1,2,1,5,0,3,3,72,280000,1
7,1,2,2,2,0,2,2,47,14167,1
12,6,1,2,5,0,3,2,25,450000,1
13,2,1,2,1,0,3,3,35,800000,1
2,1,2,7,2,0,3,2,93,NA,1
16,4,1,1,1,0,3,2,78,NA,1
4,1,2,8,2,0,3,3,47,422167,1
7,1,2,7,1,0,3,2,86,400000,1
5,2,1,8,3,0,3,4,15,NA,1
9,1,2,7,1,0,3,1,77,200000,1
12,4,2,1,1,1,3,4,58,NA,1
5,7,1,NA,0,0,3,5,1,NA,1
6,2,2,8,11,0,3,4,41,280000,1
15,2,2,8,8,0,3,3,52,500000,1
8,1,1,1,3,0,3,2,70,600000,1
13,2,2,NA,1,0,3,4,12,NA,1
16,1,1,5,5,0,3,1,35,400000,1
13,4,1,NA,1,0,3,6,7,NA,1
5,2,1,8,4,0,2,6,15,NA,1
7,4,1,1,1,0,3,2,82,200000,1
2,3,1,NA,1,0,3,5,9,NA,1
5,2,1,1,8,1,3,5,53,1208333,1
10,2,2,8,2,0,1,2,64,14167,1
5,4,1,NA,1,0,2,6,10,NA,1
8,4,1,NA,0,0,3,3,5,NA,1
5,1,2,1,3,0,3,4,54,NA,1
9,3,1,1,12,0,3,4,40,2396667,1
13,1,1,1,2,0,3,5,57,400000,4
8,1,2,8,9,0,3,3,27,NA,1
8,1,1,1,5,0,3,5,55,950000,1
13,7,1,1,7,0,3,2,39,31667,1
13,3,1,1,3,0,3,2,73,350000,1
7,4,2,2,5,0,3,5,32,300000,1
8,4,1,8,4,0,3,4,16,NA,1
10,1,2,8,2,0,2,4,45,NA,1
7,1,2,8,9,1,3,6,20,NA,1
6,4,1,8,3,0,3,4,23,400000,1
14,4,1,NA,1,0,2,4,8,NA,1
14,4,1,NA,0,1,1,4,4,NA,1
15,2,1,8,11,0,3,3,34,1000000,1
13,7,1,NA,2,0,2,4,13,NA,1
1,3,2,8,5,0,3,2,65,108000,1
16,6,1,8,2,0,3,2,48,NA,1
9,1,2,1,2,0,3,2,72,193000,1
3,4,2,8,1,1,3,2,46,420000,1
13,1,1,2,3,0,3,4,45,350000,1
14,4,1,7,3,0,3,1,76,180000,1
9,4,2,1,2,1,1,2,63,NA,1
10,3,2,8,11,0,3,3,42,1626667,1
10,4,2,2,1,1,3,3,54,NA,1
4,2,2,8,6,0,3,1,38,478673,1
14,2,1,1,8,0,1,2,63,NA,1
13,7,2,NA,1,0,3,3,11,NA,1
4,1,2,6,2,0,3,1,63,150000,1
12,4,2,8,9,0,3,3,20,NA,1
5,6,1,2,5,0,3,2,65,690000,1
13,4,2,NA,0,0,3,5,4,NA,1
14,4,2,7,2,1,3,1,53,496667,1
10,4,2,1,3,1,3,4,55,1667,1
16,3,1,NA,1,0,3,3,5,NA,1
16,7,2,7,1,0,3,3,58,NA,1
13,3,1,1,11,1,3,2,31,1455000,1
15,1,2,1,5,0,3,4,25,NA,1
16,1,2,1,1,0,3,3,60,NA,1
3,4,1,1,11,0,3,4,63,2800000,1
13,3,2,1,11,0,3,2,48,952083,1
4,2,2,2,9,0,3,6,19,NA,1
14,2,2,8,6,1,3,4,42,459416,1
8,4,1,1,5,0,3,3,50,710000,1
16,2,2,1,5,0,3,8,36,8333,1
10,4,2,5,2,0,3,5,50,200000,1
15,2,1,8,11,0,3,3,47,700000,1
5,2,1,1,3,0,3,5,34,480000,1
3,6,1,NA,1,0,3,6,10,NA,1
13,6,2,NA,1,0,3,11,9,NA,3
16,6,2,1,5,0,3,5,61,NA,1
13,7,1,1,2,0,3,4,63,500000,1
13,2,1,8,11,0,3,7,40,600000,1
3,6,2,NA,1,0,3,4,7,NA,1
6,1,2,NA,0,0,3,4,4,NA,1
2,2,1,8,1,0,3,1,52,450000,1
10,3,1,8,11,0,3,1,69,400000,1
13,4,1,8,4,0,3,8,15,NA,1
5,3,1,8,8,0,3,2,21,740000,1
13,7,1,8,3,0,3,5,17,NA,2
2,1,2,2,6,0,3,8,31,200000,3
13,4,2,NA,1,0,3,4,11,NA,1
12,4,1,7,1,0,3,1,86,311000,1
1,2,1,2,3,0,3,3,47,1963334,1
2,1,1,1,5,0,3,3,49,695667,1
13,2,2,8,4,0,3,3,16,NA,1
8,1,1,5,5,0,3,5,32,300000,1
1,1,1,NA,0,1,3,4,4,NA,1
10,1,1,8,5,1,3,5,21,473334,1
16,4,2,7,3,0,3,5,79,193000,1
13,4,2,2,8,0,3,3,48,600000,1
8,1,2,1,1,0,3,9,67,NA,2
3,2,1,8,1,0,3,3,14,NA,1
13,2,1,1,3,0,3,2,55,877500,1
8,6,1,2,11,0,3,2,89,800000,1
8,2,2,8,5,0,3,2,70,400000,1
12,4,1,2,11,0,3,4,44,1000000,1
13,1,1,5,4,0,3,8,41,NA,1
16,2,2,7,4,0,3,2,68,180000,1
8,2,1,8,1,0,3,5,14,NA,1
7,2,1,2,2,0,3,2,47,593667,1
9,1,1,2,1,0,3,2,47,400000,1
5,4,1,8,5,1,3,2,56,547500,1
1,2,2,NA,0,0,3,6,5,NA,1
13,1,1,1,3,0,3,3,53,450000,1
16,6,1,1,1,0,3,4,62,410000,1
8,1,2,8,5,0,3,4,20,NA,1
6,1,2,8,3,0,3,5,16,NA,1
13,4,2,8,3,0,3,4,16,NA,1
